COLUMN_NAME;COLUMN_ID;IS_FILTER_DATE;IS_ID;IS_ORDER_BY;IS_PARTITION;NEW_DATA_TYPE;TABLE_NAME;TRANSFORMATION
Id;1;;T;;;int;ANIOACADEMICO;fn_transform_Integer(Id)
Nombre;2;;;;;string;ANIOACADEMICO;fn_transform_ClearString(Nombre)
FechaInicio;3;;;;;timestamp;ANIOACADEMICO;fn_transform_DatetimeMagic(FechaInicio,NULL,yyyy-MM-dd HH:mm:ss,1900-01-01 00:00:01)
FechaFin;4;;;;;timestamp;ANIOACADEMICO;fn_transform_DatetimeMagic(FechaFin,NULL,yyyy-MM-dd HH:mm:ss,1900-01-01 00:00:01)
NroResolucion;5;;;;;string;ANIOACADEMICO;fn_transform_ClearString(NroResolucion)
Denominacion;6;;;;;string;ANIOACADEMICO;fn_transform_ClearString(Denominacion)
EstadoId;7;;;;;int;ANIOACADEMICO;fn_transform_Integer(EstadoId)
FechaCreacion;8;;;;;timestamp;ANIOACADEMICO;fn_transform_DatetimeMagic(FechaCreacion,NULL,yyyy-MM-dd HH:mm:ss,1900-01-01 00:00:01)
FechaActualizacion;9;;;T;;timestamp;ANIOACADEMICO;fn_transform_DatetimeMagic(FechaActualizacion,NULL,yyyy-MM-dd HH:mm:ss,1900-01-01 00:00:01)
UsuarioCreacionId;10;;;;;int;ANIOACADEMICO;fn_transform_Integer(UsuarioCreacionId)
UsuarioActualizacionId;11;;;;;int;ANIOACADEMICO;fn_transform_Integer(UsuarioActualizacionId)
GeoreferenciaId;12;;;;;int;ANIOACADEMICO;fn_transform_Integer(GeoreferenciaId)
OrganigramaId;13;;;;;int;ANIOACADEMICO;fn_transform_Integer(OrganigramaId)
TipoId;14;;;;;int;ANIOACADEMICO;fn_transform_Integer(TipoId)
EmpresaId;15;;;;;int;ANIOACADEMICO;fn_transform_Integer(EmpresaId)
Anio;16;;;;;int;ANIOACADEMICO;fn_transform_Integer(Anio)
TipoUni;17;;;;;boolean;ANIOACADEMICO;fn_transform_Boolean(TipoUni)
CodigoExternoId;18;;;;;string;ANIOACADEMICO;fn_transform_ClearString(CodigoExternoId)
Id;1;;T;;;int;CA_CARGA_ACADEMICA;fn_transform_Integer(Id)
EstadoId;2;;;;;int;CA_CARGA_ACADEMICA;fn_transform_Integer(EstadoId)
IdAnioAcademico;3;;;;;int;CA_CARGA_ACADEMICA;fn_transform_Integer(IdAnioAcademico)
IdPeriodoAcad;4;;;;;int;CA_CARGA_ACADEMICA;fn_transform_Integer(IdPeriodoAcad)
IdAula;5;;;;;int;CA_CARGA_ACADEMICA;fn_transform_Integer(IdAula)
IdGrupo;6;;;;;int;CA_CARGA_ACADEMICA;fn_transform_Integer(IdGrupo)
IdPlanEstudio;7;;;;;int;CA_CARGA_ACADEMICA;fn_transform_Integer(IdPlanEstudio)
IdPlanEstudioVersion;8;;;;;int;CA_CARGA_ACADEMICA;fn_transform_Integer(IdPlanEstudioVersion)
CapacidadVacante;9;;;;;string;CA_CARGA_ACADEMICA;fn_transform_ClearString(CapacidadVacante)
IdUsuarioCreacion;10;;;;;int;CA_CARGA_ACADEMICA;fn_transform_Integer(IdUsuarioCreacion)
IdUsuarioActualizacion;11;;;;;int;CA_CARGA_ACADEMICA;fn_transform_Integer(IdUsuarioActualizacion)
FechaCreacion;12;;;;;timestamp;CA_CARGA_ACADEMICA;fn_transform_DatetimeMagic(FechaCreacion,NULL,yyyy-MM-dd HH:mm:ss,1900-01-01 00:00:01)
FechaActualizacion;13;;;T;;timestamp;CA_CARGA_ACADEMICA;fn_transform_DatetimeMagic(FechaActualizacion,NULL,yyyy-MM-dd HH:mm:ss,1900-01-01 00:00:01)
CapacidadVacanteD;15;;;;;int;CA_CARGA_ACADEMICA;fn_transform_Integer(CapacidadVacanteD)
IdEmpleadoTutor;16;;;;;int;CA_CARGA_ACADEMICA;fn_transform_Integer(IdEmpleadoTutor)
CapacidadAula;17;;;;;int;CA_CARGA_ACADEMICA;fn_transform_Integer(CapacidadAula)
CargaAcademicaCalendarioPeriodoId;1;;T;;;int;CA_CARGA_ACADEMICA_CALENDARIO_PERIODO;fn_transform_Integer(CargaAcademicaCalendarioPeriodoId)
CargaAcademicaId;2;;;;;int;CA_CARGA_ACADEMICA_CALENDARIO_PERIODO;fn_transform_Integer(CargaAcademicaId)
CalendarioPeriodoId;3;;;;;int;CA_CARGA_ACADEMICA_CALENDARIO_PERIODO;fn_transform_Integer(CalendarioPeriodoId)
Path;4;;;;;string;CA_CARGA_ACADEMICA_CALENDARIO_PERIODO;fn_transform_ClearString(Path)
PathPercepcion;5;;;;;string;CA_CARGA_ACADEMICA_CALENDARIO_PERIODO;fn_transform_ClearString(PathPercepcion)
EstadoId;6;;;;;int;CA_CARGA_ACADEMICA_CALENDARIO_PERIODO;fn_transform_Integer(EstadoId)
Observacion;7;;;;;string;CA_CARGA_ACADEMICA_CALENDARIO_PERIODO;fn_transform_ClearString(Observacion)
Codigo;8;;;;;string;CA_CARGA_ACADEMICA_CALENDARIO_PERIODO;fn_transform_ClearString(Codigo)
Id;1;;T;;;int;CA_CARGA_CURSOS;fn_transform_Integer(Id)
IdEmpleado;2;;;;;int;CA_CARGA_CURSOS;fn_transform_Integer(IdEmpleado)
IdTipoHora;3;;;;;int;CA_CARGA_CURSOS;fn_transform_Integer(IdTipoHora)
IdCargaAcademica;4;;;;;int;CA_CARGA_CURSOS;fn_transform_Integer(IdCargaAcademica)
Descripcion;5;;;;;string;CA_CARGA_CURSOS;fn_transform_ClearString(Descripcion)
Fecha_Inicio;6;;;;;date;CA_CARGA_CURSOS;fn_transform_DatetimeMagic(Fecha_Inicio,NULL,yyyy-MM-dd HH:mm:ss,1900-01-01 00:00:01)
Fecha_Fin;7;;;;;date;CA_CARGA_CURSOS;fn_transform_DatetimeMagic(Fecha_Fin,NULL,yyyy-MM-dd HH:mm:ss,1900-01-01 00:00:01)
modo;8;;;;;string;CA_CARGA_CURSOS;fn_transform_ClearString(modo)
IdPlanCursos;9;;;;;int;CA_CARGA_CURSOS;fn_transform_Integer(IdPlanCursos)
UsuarioActualizacionId;10;;;;;int;CA_CARGA_CURSOS;fn_transform_Integer(UsuarioActualizacionId)
UsuarioCreacionId;11;;;;;int;CA_CARGA_CURSOS;fn_transform_Integer(UsuarioCreacionId)
FechaActualizacion;12;;;T;;timestamp;CA_CARGA_CURSOS;fn_transform_DatetimeMagic(FechaActualizacion,NULL,yyyy-MM-dd HH:mm:ss,1900-01-01 00:00:01)
FechaCreacion;13;;;;;timestamp;CA_CARGA_CURSOS;fn_transform_DatetimeMagic(FechaCreacion,NULL,yyyy-MM-dd HH:mm:ss,1900-01-01 00:00:01)
Estado;14;;;;;boolean;CA_CARGA_CURSOS;fn_transform_Boolean(Estado)
AnioAcademicoId;15;;;;;int;CA_CARGA_CURSOS;fn_transform_Integer(AnioAcademicoId)
AulaId;16;;;;;int;CA_CARGA_CURSOS;fn_transform_Integer(AulaId)
GrupoId;17;;;;;int;CA_CARGA_CURSOS;fn_transform_Integer(GrupoId)
IdPlanEstudioId;18;;;;;int;CA_CARGA_CURSOS;fn_transform_Integer(IdPlanEstudioId)
IdPlanEstudioVersion;19;;;;;int;CA_CARGA_CURSOS;fn_transform_Integer(IdPlanEstudioVersion)
CapacidadVacanteP;20;;;;;int;CA_CARGA_CURSOS;fn_transform_Integer(CapacidadVacanteP)
CapacidadVacanteD;21;;;;;int;CA_CARGA_CURSOS;fn_transform_Integer(CapacidadVacanteD)
Complejo;22;;;;;boolean;CA_CARGA_CURSOS;fn_transform_Boolean(Complejo)
Evaluable;23;;;;;boolean;CA_CARGA_CURSOS;fn_transform_Boolean(Evaluable)
Grupos;24;;;;;int;CA_CARGA_CURSOS;fn_transform_Integer(Grupos)
Especial;25;;;;;boolean;CA_CARGA_CURSOS;fn_transform_Boolean(Especial)
SalaVirtual;26;;;;;string;CA_CARGA_CURSOS;fn_transform_ClearString(SalaVirtual)
CodigoExternoId;27;;;;;string;CA_CARGA_CURSOS;fn_transform_ClearString(CodigoExternoId)
Id;1;;T;;;int;CA_MAE_EMPLEADO;fn_transform_Integer(Id)
TipoEmpleado;2;;;;;int;CA_MAE_EMPLEADO;fn_transform_Integer(TipoEmpleado)
PersonaId;3;;;;;int;CA_MAE_EMPLEADO;fn_transform_Integer(PersonaId)
web;4;;;;;string;CA_MAE_EMPLEADO;fn_transform_ClearString(web)
Estado;5;;;;;boolean;CA_MAE_EMPLEADO;fn_transform_Boolean(Estado)
LinkURL;6;;;;;string;CA_MAE_EMPLEADO;fn_transform_ClearString(LinkURL)
FechaCreacion;7;;;;;timestamp;CA_MAE_EMPLEADO;fn_transform_DatetimeMagic(FechaCreacion,NULL,yyyy-MM-dd HH:mm:ss,1900-01-01 00:00:01)
FechaActualizacion;8;;;T;;timestamp;CA_MAE_EMPLEADO;fn_transform_DatetimeMagic(FechaActualizacion,NULL,yyyy-MM-dd HH:mm:ss,1900-01-01 00:00:01)
UsuarioCreadorId;9;;;;;int;CA_MAE_EMPLEADO;fn_transform_Integer(UsuarioCreadorId)
UsuarioAccionId;10;;;;;int;CA_MAE_EMPLEADO;fn_transform_Integer(UsuarioAccionId)
Id;1;;T;;;int;CA_MAE_GRUPO;fn_transform_Integer(Id)
Nombre;2;;;;;string;CA_MAE_GRUPO;fn_transform_ClearString(Nombre)
Descripcion;3;;;;;string;CA_MAE_GRUPO;fn_transform_ClearString(Descripcion)
Estado;4;;;;;boolean;CA_MAE_GRUPO;fn_transform_Boolean(Estado)
GeoreferenciaId;5;;;;;int;CA_MAE_GRUPO;fn_transform_Integer(GeoreferenciaId)
UsuarioCreadorId;6;;;;;int;CA_MAE_GRUPO;fn_transform_Integer(UsuarioCreadorId)
UsuarioAccionId;7;;;;;int;CA_MAE_GRUPO;fn_transform_Integer(UsuarioAccionId)
FechaCreaccion;8;;;;;timestamp;CA_MAE_GRUPO;fn_transform_DatetimeMagic(FechaCreaccion,NULL,yyyy-MM-dd HH:mm:ss,1900-01-01 00:00:01)
FechaAccion;9;;;T;;timestamp;CA_MAE_GRUPO;fn_transform_DatetimeMagic(FechaAccion,NULL,yyyy-MM-dd HH:mm:ss,1900-01-01 00:00:01)
Complejo;10;;;;;boolean;CA_MAE_GRUPO;fn_transform_Boolean(Complejo)
CodigoExternoId;11;;;;;string;CA_MAE_GRUPO;fn_transform_ClearString(CodigoExternoId)
Id;1;;T;;;int;CURSOS;fn_transform_Integer(Id)
Alias;2;;;;;string;CURSOS;fn_transform_ClearString(Alias)
Nombre;3;;;;;string;CURSOS;fn_transform_ClearString(Nombre)
Creditos;4;;;;;string;CURSOS;fn_transform_ClearString(Creditos)
TotalHP;5;;;;;string;CURSOS;fn_transform_ClearString(TotalHP)
TotalHT;6;;;;;string;CURSOS;fn_transform_ClearString(TotalHT)
NotaAprobatoria;7;;;;;string;CURSOS;fn_transform_ClearString(NotaAprobatoria)
Sumilla;8;;;;;string;CURSOS;fn_transform_ClearString(Sumilla)
NivelAcademicoId;9;;;;;int;CURSOS;fn_transform_Integer(NivelAcademicoId)
SuperId;10;;;;;int;CURSOS;fn_transform_Integer(SuperId)
EstadoId;11;;;;;int;CURSOS;fn_transform_Integer(EstadoId)
EntidadId;12;;;;;int;CURSOS;fn_transform_Integer(EntidadId)
UsuarioAccionId;13;;;;;int;CURSOS;fn_transform_Integer(UsuarioAccionId)
UsuarioCreadorId;14;;;;;int;CURSOS;fn_transform_Integer(UsuarioCreadorId)
TipoCursoId;15;;;;;int;CURSOS;fn_transform_Integer(TipoCursoId)
FechaCreacion;16;;;;;timestamp;CURSOS;fn_transform_DatetimeMagic(FechaCreacion,NULL,yyyy-MM-dd HH:mm:ss,1900-01-01 00:00:01)
FechaActualizacion;17;;;T;;timestamp;CURSOS;fn_transform_DatetimeMagic(FechaActualizacion,NULL,yyyy-MM-dd HH:mm:ss,1900-01-01 00:00:01)
IdServicioLaboratorio;18;;;;;int;CURSOS;fn_transform_Integer(IdServicioLaboratorio)
HorasLaboratorio;19;;;;;int;CURSOS;fn_transform_Integer(HorasLaboratorio)
TipoSubcurso;20;;;;;boolean;CURSOS;fn_transform_Boolean(TipoSubcurso)
Color;21;;;;;string;CURSOS;fn_transform_ClearString(Color)
Foto;22;;;;;string;CURSOS;fn_transform_ClearString(Foto)
Codigo;23;;;;;string;CURSOS;fn_transform_ClearString(Codigo)
TipoConceptoId;24;;;;;int;CURSOS;fn_transform_Integer(TipoConceptoId)
CursoExternoId;25;;;;;int;CURSOS;fn_transform_Integer(CursoExternoId)
Otro;26;;;;;string;CURSOS;fn_transform_ClearString(Otro)
CodigoExternoId;27;;;;;string;CURSOS;fn_transform_ClearString(CodigoExternoId)
Id;1;;T;;;int;ENTIDADES;fn_transform_Integer(Id)
Nombre_RS;2;;;;;string;ENTIDADES;fn_transform_ClearString(Nombre_RS)
RUC;3;;;;;string;ENTIDADES;fn_transform_ClearString(RUC)
Telefono;4;;;;;string;ENTIDADES;fn_transform_ClearString(Telefono)
Correo;5;;;;;string;ENTIDADES;fn_transform_ClearString(Correo)
Site;6;;;;;string;ENTIDADES;fn_transform_ClearString(Site)
Principal;7;;;;;boolean;ENTIDADES;fn_transform_Boolean(Principal)
TipoId;8;;;;;int;ENTIDADES;fn_transform_Integer(TipoId)
EstadoId;9;;;;;int;ENTIDADES;fn_transform_Integer(EstadoId)
GeoReferenciaId;10;;;;;int;ENTIDADES;fn_transform_Integer(GeoReferenciaId)
UsuarioAccionId;11;;;;;int;ENTIDADES;fn_transform_Integer(UsuarioAccionId)
UsuarioCreadorId;12;;;;;int;ENTIDADES;fn_transform_Integer(UsuarioCreadorId)
ParentId;13;;;;;int;ENTIDADES;fn_transform_Integer(ParentId)
UniversidadId;14;;;;;int;ENTIDADES;fn_transform_Integer(UniversidadId)
FechaCreacion;15;;;;;timestamp;ENTIDADES;fn_transform_DatetimeMagic(FechaCreacion,NULL,yyyy-MM-dd HH:mm:ss,1900-01-01 00:00:01)
FechaActualizacion;16;;;T;;timestamp;ENTIDADES;fn_transform_DatetimeMagic(FechaActualizacion,NULL,yyyy-MM-dd HH:mm:ss,1900-01-01 00:00:01)
OrganigramaId;17;;;;;int;ENTIDADES;fn_transform_Integer(OrganigramaId)
TipoMercadoId;18;;;;;int;ENTIDADES;fn_transform_Integer(TipoMercadoId)
Defecto;19;;;;;boolean;ENTIDADES;fn_transform_Boolean(Defecto)
NombreCompleto;20;;;;;string;ENTIDADES;fn_transform_ClearString(NombreCompleto)
Foto;21;;;;;string;ENTIDADES;fn_transform_ClearString(Foto)
Siglas;22;;;;;string;ENTIDADES;fn_transform_ClearString(Siglas)
CodigoExternoId;23;;;;;string;ENTIDADES;fn_transform_ClearString(CodigoExternoId)
Id;1;;T;;;int;GEOREFERENCIAS;fn_transform_Integer(Id)
Alias;2;;;;;string;GEOREFERENCIAS;fn_transform_ClearString(Alias)
Name;3;;;;;string;GEOREFERENCIAS;fn_transform_ClearString(Name)
EntidadId;4;;;;;int;GEOREFERENCIAS;fn_transform_Integer(EntidadId)
SuperId;5;;;;;int;GEOREFERENCIAS;fn_transform_Integer(SuperId)
UsuarioAccionId;6;;;;;int;GEOREFERENCIAS;fn_transform_Integer(UsuarioAccionId)
UsuarioCreadorId;7;;;;;int;GEOREFERENCIAS;fn_transform_Integer(UsuarioCreadorId)
EstadoId;8;;;;;int;GEOREFERENCIAS;fn_transform_Integer(EstadoId)
FechaCreacion;9;;;;;timestamp;GEOREFERENCIAS;fn_transform_DatetimeMagic(FechaCreacion,NULL,yyyy-MM-dd HH:mm:ss,1900-01-01 00:00:01)
FechaActualizacion;10;;;T;;timestamp;GEOREFERENCIAS;fn_transform_DatetimeMagic(FechaActualizacion,NULL,yyyy-MM-dd HH:mm:ss,1900-01-01 00:00:01)
DRE;11;;;;;string;GEOREFERENCIAS;fn_transform_ClearString(DRE)
UGEL;12;;;;;string;GEOREFERENCIAS;fn_transform_ClearString(UGEL)
Complejo;13;;;;;boolean;GEOREFERENCIAS;fn_transform_Boolean(Complejo)
Direccion;14;;;;;string;GEOREFERENCIAS;fn_transform_ClearString(Direccion)
Telefono;15;;;;;string;GEOREFERENCIAS;fn_transform_ClearString(Telefono)
Logo;16;;;;;string;GEOREFERENCIAS;fn_transform_ClearString(Logo)
AreaGeograficaId;17;;;;;int;GEOREFERENCIAS;fn_transform_Integer(AreaGeograficaId)
CodigoExternoId;18;;;;;string;GEOREFERENCIAS;fn_transform_ClearString(CodigoExternoId)
SedeExternaId;19;;;;;int;GEOREFERENCIAS;fn_transform_Integer(SedeExternaId)
IdContrato;1;;T;;;int;MA_CONTRATO;fn_transform_Integer(IdContrato)
Alum_Id;2;;;;;int;MA_CONTRATO;fn_transform_Integer(Alum_Id)
Nro;3;;;;;string;MA_CONTRATO;fn_transform_ClearString(Nro)
Fecha;4;;;;;timestamp;MA_CONTRATO;fn_transform_DatetimeMagic(Fecha,NULL,yyyy-MM-dd HH:mm:ss,1900-01-01 00:00:01)
Nro_Hmno;5;;;;;int;MA_CONTRATO;fn_transform_Integer(Nro_Hmno)
Residencia;6;;;;;string;MA_CONTRATO;fn_transform_ClearString(Residencia)
SO;7;;;;;string;MA_CONTRATO;fn_transform_ClearString(SO)
Monto_matricula;8;;;;;double;MA_CONTRATO;fn_transform_Number(Monto_matricula)
Monto_Ensenanza;9;;;;;double;MA_CONTRATO;fn_transform_Number(Monto_Ensenanza)
Monto_Pago_Matricula;10;;;;;double;MA_CONTRATO;fn_transform_Number(Monto_Pago_Matricula)
Fecha_Pre_Matricula;11;;;;;timestamp;MA_CONTRATO;fn_transform_DatetimeMagic(Fecha_Pre_Matricula,NULL,yyyy-MM-dd HH:mm:ss,1900-01-01 00:00:01)
Id_Apoderado;12;;;;;int;MA_CONTRATO;fn_transform_Integer(Id_Apoderado)
Condicional;13;;;;;string;MA_CONTRATO;fn_transform_ClearString(Condicional)
Aï¿½o;14;;;;;int;MA_CONTRATO;fn_transform_Integer(Año)
Per_User_Id;15;;;;;int;MA_CONTRATO;fn_transform_Integer(Per_User_Id)
Per_User_Pre;16;;;;;int;MA_CONTRATO;fn_transform_Integer(Per_User_Pre)
Per_User_Mat;17;;;;;int;MA_CONTRATO;fn_transform_Integer(Per_User_Mat)
Per_User_Modify;18;;;;;int;MA_CONTRATO;fn_transform_Integer(Per_User_Modify)
Per_Fecha_Modify;19;;;;;int;MA_CONTRATO;fn_transform_Integer(Per_Fecha_Modify)
Id_AnioAcademico;20;;;;;int;MA_CONTRATO;fn_transform_Integer(Id_AnioAcademico)
Id_Compromiso;21;;;;;int;MA_CONTRATO;fn_transform_Integer(Id_Compromiso)
EstadoId;22;;;;;int;MA_CONTRATO;fn_transform_Integer(EstadoId)
FechaAccion;23;;;T;;timestamp;MA_CONTRATO;fn_transform_DatetimeMagic(FechaAccion,NULL,yyyy-MM-dd HH:mm:ss,1900-01-01 00:00:01)
Saldo;24;;;;;double;MA_CONTRATO;fn_transform_Number(Saldo)
NivelAcademicoId;25;;;;;int;MA_CONTRATO;fn_transform_Integer(NivelAcademicoId)
PeriodoAcademicoId;26;;;;;int;MA_CONTRATO;fn_transform_Integer(PeriodoAcademicoId)
GrupoId;27;;;;;int;MA_CONTRATO;fn_transform_Integer(GrupoId)
Descuentos;28;;;;;double;MA_CONTRATO;fn_transform_Number(Descuentos)
PlanPagoId;29;;;;;int;MA_CONTRATO;fn_transform_Integer(PlanPagoId)
PlanEstudioAlumnoId;30;;;;;int;MA_CONTRATO;fn_transform_Integer(PlanEstudioAlumnoId)
FechaContrato;31;;;;;timestamp;MA_CONTRATO;fn_transform_DatetimeMagic(FechaContrato,NULL,yyyy-MM-dd HH:mm:ss,1900-01-01 00:00:01)
ReservaVacanteId;32;;;;;int;MA_CONTRATO;fn_transform_Integer(ReservaVacanteId)
ListaPrecioId;33;;;;;int;MA_CONTRATO;fn_transform_Integer(ListaPrecioId)
FechaRetiro;34;;;;;timestamp;MA_CONTRATO;fn_transform_DatetimeMagic(FechaRetiro,NULL,yyyy-MM-dd HH:mm:ss,1900-01-01 00:00:01)
ConvocatoriaId;35;;;;;int;MA_CONTRATO;fn_transform_Integer(ConvocatoriaId)
ModalidadIngresoId;36;;;;;int;MA_CONTRATO;fn_transform_Integer(ModalidadIngresoId)
Vigente;37;;;;;boolean;MA_CONTRATO;fn_transform_Boolean(Vigente)
Nuevo;38;;;;;boolean;MA_CONTRATO;fn_transform_Boolean(Nuevo)
ContratoFinancieroDriveId;39;;;;;string;MA_CONTRATO;fn_transform_ClearString(ContratoFinancieroDriveId)
Id;1;;T;;;int;MA_DETALLE_CONTRATO_ACAD;fn_transform_Integer(Id)
IdContrato;2;;;;;int;MA_DETALLE_CONTRATO_ACAD;fn_transform_Integer(IdContrato)
IdCargaCurso;3;;;;;int;MA_DETALLE_CONTRATO_ACAD;fn_transform_Integer(IdCargaCurso)
IdAnioAcademico;4;;;;;int;MA_DETALLE_CONTRATO_ACAD;fn_transform_Integer(IdAnioAcademico)
IdCargaAcademica;5;;;;;int;MA_DETALLE_CONTRATO_ACAD;fn_transform_Integer(IdCargaAcademica)
NotaPromedio;6;;;;;double;MA_DETALLE_CONTRATO_ACAD;fn_transform_Double(NotaPromedio)
IdNivelAcademico;7;;;;;int;MA_DETALLE_CONTRATO_ACAD;fn_transform_Integer(IdNivelAcademico)
UsuarioCreacionId;8;;;;;int;MA_DETALLE_CONTRATO_ACAD;fn_transform_Integer(UsuarioCreacionId)
UsuarioActualizacionId;9;;;;;int;MA_DETALLE_CONTRATO_ACAD;fn_transform_Integer(UsuarioActualizacionId)
FechaCreacion;10;;;;;timestamp;MA_DETALLE_CONTRATO_ACAD;fn_transform_DatetimeMagic(FechaCreacion,NULL,yyyy-MM-dd HH:mm:ss,1900-01-01 00:00:01)
FechaActualizacion;11;;;T;;timestamp;MA_DETALLE_CONTRATO_ACAD;fn_transform_DatetimeMagic(FechaActualizacion,NULL,yyyy-MM-dd HH:mm:ss,1900-01-01 00:00:01)
Escala;12;;;;;string;MA_DETALLE_CONTRATO_ACAD;fn_transform_ClearString(Escala)
CursoId;13;;;;;int;MA_DETALLE_CONTRATO_ACAD;fn_transform_Integer(CursoId)
GrupoId;14;;;;;int;MA_DETALLE_CONTRATO_ACAD;fn_transform_Integer(GrupoId)
AulaId;15;;;;;int;MA_DETALLE_CONTRATO_ACAD;fn_transform_Integer(AulaId)
Estado;16;;;;;boolean;MA_DETALLE_CONTRATO_ACAD;fn_transform_Boolean(Estado)
Id;1;;T;;;int;NIVELESACADEMICOS;fn_transform_Integer(Id)
Alias;2;;;;;string;NIVELESACADEMICOS;fn_transform_ClearString(Alias)
Nombre;3;;;;;string;NIVELESACADEMICOS;fn_transform_ClearString(Nombre)
Activo;4;;;;;boolean;NIVELESACADEMICOS;fn_transform_Boolean(Activo)
SuperId;5;;;;;int;NIVELESACADEMICOS;fn_transform_Integer(SuperId)
UsuarioAccionId;6;;;;;int;NIVELESACADEMICOS;fn_transform_Integer(UsuarioAccionId)
EntidadId;7;;;;;int;NIVELESACADEMICOS;fn_transform_Integer(EntidadId)
FechaCreacion;8;;;;;timestamp;NIVELESACADEMICOS;fn_transform_DatetimeMagic(FechaCreacion,NULL,yyyy-MM-dd HH:mm:ss,1900-01-01 00:00:01)
UsuarioCreadorId;9;;;;;int;NIVELESACADEMICOS;fn_transform_Integer(UsuarioCreadorId)
FechaActualizacion;10;;;T;;timestamp;NIVELESACADEMICOS;fn_transform_DatetimeMagic(FechaActualizacion,NULL,yyyy-MM-dd HH:mm:ss,1900-01-01 00:00:01)
Id;1;;T;;;int;PERIODOS;fn_transform_Integer(Id)
Nombre;2;;;;;string;PERIODOS;fn_transform_ClearString(Nombre)
FecComienzo;3;;;;;timestamp;PERIODOS;fn_transform_DatetimeMagic(FecComienzo,NULL,yyyy-MM-dd HH:mm:ss,1900-01-01 00:00:01)
FecTermino;4;;;;;timestamp;PERIODOS;fn_transform_DatetimeMagic(FecTermino,NULL,yyyy-MM-dd HH:mm:ss,1900-01-01 00:00:01)
TipoId;5;;;;;int;PERIODOS;fn_transform_Integer(TipoId)
SuperId;6;;;;;int;PERIODOS;fn_transform_Integer(SuperId)
GeoReferenciaId;7;;;;;int;PERIODOS;fn_transform_Integer(GeoReferenciaId)
OrganigramaId;8;;;;;int;PERIODOS;fn_transform_Integer(OrganigramaId)
EntidadId;9;;;;;int;PERIODOS;fn_transform_Integer(EntidadId)
UsuarioAccionId;10;;;;;int;PERIODOS;fn_transform_Integer(UsuarioAccionId)
UsuarioCreadorId;11;;;;;int;PERIODOS;fn_transform_Integer(UsuarioCreadorId)
EstadoId;12;;;;;int;PERIODOS;fn_transform_Integer(EstadoId)
FeachaCreacion;13;;;;;timestamp;PERIODOS;fn_transform_DatetimeMagic(FeachaCreacion,NULL,yyyy-MM-dd HH:mm:ss,1900-01-01 00:00:01)
FechaActualizacion;14;;;T;;timestamp;PERIODOS;fn_transform_DatetimeMagic(FechaActualizacion,NULL,yyyy-MM-dd HH:mm:ss,1900-01-01 00:00:01)
Activo;15;;;;;boolean;PERIODOS;fn_transform_Boolean(Activo)
CicloId;17;;;;;int;PERIODOS;fn_transform_Integer(CicloId)
Alias;18;;;;;string;PERIODOS;fn_transform_ClearString(Alias)
PeriodoExternoId;19;;;;;int;PERIODOS;fn_transform_Integer(PeriodoExternoId)
SiguientePeriodoId;20;;;;;int;PERIODOS;fn_transform_Integer(SiguientePeriodoId)
CodigoExternoId;21;;;;;string;PERIODOS;fn_transform_ClearString(CodigoExternoId)
Orden;22;;;;;int;PERIODOS;fn_transform_Integer(Orden)
Id;1;;T;;;int;PERSONAS;fn_transform_Integer(Id)
CodModular;2;;;;;string;PERSONAS;fn_transform_ClearString(CodModular)
NumDoc;3;;;;;string;PERSONAS;fn_transform_ClearString(NumDoc)
Nombres;4;;;;;string;PERSONAS;fn_transform_ClearString(Nombres)
ApellidoPaterno;5;;;;;string;PERSONAS;fn_transform_ClearString(ApellidoPaterno)
ApellidoMaterno;6;;;;;string;PERSONAS;fn_transform_ClearString(ApellidoMaterno)
Telefono;7;;;;;string;PERSONAS;fn_transform_ClearString(Telefono)
Celular;8;;;;;string;PERSONAS;fn_transform_ClearString(Celular)
IsoPais;9;;;;;string;PERSONAS;fn_transform_ClearString(IsoPais)
FechaNac;10;;;;;timestamp;PERSONAS;fn_transform_DatetimeMagic(FechaNac,NULL,yyyy-MM-dd HH:mm:ss,1900-01-01 00:00:01)
Correo;11;;;;;string;PERSONAS;fn_transform_ClearString(Correo)
Genero;12;;;;;string;PERSONAS;fn_transform_ClearString(Genero)
EstadoCivil;13;;;;;string;PERSONAS;fn_transform_ClearString(EstadoCivil)
Ocupacion;14;;;;;string;PERSONAS;fn_transform_ClearString(Ocupacion)
TipoPersonaId;15;;;;;int;PERSONAS;fn_transform_Integer(TipoPersonaId)
TipoDocId;16;;;;;int;PERSONAS;fn_transform_Integer(TipoDocId)
UsuarioAccionId;17;;;;;int;PERSONAS;fn_transform_Integer(UsuarioAccionId)
EstadoId;18;;;;;int;PERSONAS;fn_transform_Integer(EstadoId)
NivelAcademicoId;19;;;;;int;PERSONAS;fn_transform_Integer(NivelAcademicoId)
FechaCreacion;20;;;;;timestamp;PERSONAS;fn_transform_DatetimeMagic(FechaCreacion,NULL,yyyy-MM-dd HH:mm:ss,1900-01-01 00:00:01)
FechaActualizacion;21;;;T;;timestamp;PERSONAS;fn_transform_DatetimeMagic(FechaActualizacion,NULL,yyyy-MM-dd HH:mm:ss,1900-01-01 00:00:01)
EmpresaId;22;;;;;int;PERSONAS;fn_transform_Integer(EmpresaId)
UsuarioCreadorId;23;;;;;int;PERSONAS;fn_transform_Integer(UsuarioCreadorId)
CicloVidaCliId;24;;;;;boolean;PERSONAS;fn_transform_Boolean(CicloVidaCliId)
GeoReferenciaId;25;;;;;int;PERSONAS;fn_transform_Integer(GeoReferenciaId)
Facebook;26;;;;;string;PERSONAS;fn_transform_ClearString(Facebook)
NivelInteresId;27;;;;;int;PERSONAS;fn_transform_Integer(NivelInteresId)
CarreraDefinida;28;;;;;boolean;PERSONAS;fn_transform_Boolean(CarreraDefinida)
UniversidadDefinida;29;;;;;string;PERSONAS;fn_transform_ClearString(UniversidadDefinida)
InformacionUniv;30;;;;;int;PERSONAS;fn_transform_Integer(InformacionUniv)
Posicion;31;;;;;string;PERSONAS;fn_transform_ClearString(Posicion)
MatMarketing;33;;;;;boolean;PERSONAS;fn_transform_Boolean(MatMarketing)
FormaContactoId;34;;;;;int;PERSONAS;fn_transform_Integer(FormaContactoId)
PermCorreo;35;;;;;boolean;PERSONAS;fn_transform_Boolean(PermCorreo)
PermTel;36;;;;;boolean;PERSONAS;fn_transform_Boolean(PermTel)
OrigenCliId;37;;;;;int;PERSONAS;fn_transform_Integer(OrigenCliId)
Observacion;38;;;;;string;PERSONAS;fn_transform_ClearString(Observacion)
Contacto;39;;;;;boolean;PERSONAS;fn_transform_Boolean(Contacto)
CntSupPrefId;40;;;;;int;PERSONAS;fn_transform_Integer(CntSupPrefId)
CondicionEconomicaId;41;;;;;int;PERSONAS;fn_transform_Integer(CondicionEconomicaId)
Resultado/Nota;42;;;;;double;PERSONAS;fn_transform_Double(Resultado/Nota)
PeriodoId;43;;;;;int;PERSONAS;fn_transform_Integer(PeriodoId)
FaseActualId;44;;;;;int;PERSONAS;fn_transform_Integer(FaseActualId)
OrganigramaId;45;;;;;int;PERSONAS;fn_transform_Integer(OrganigramaId)
ProgramaEducativoId;46;;;;;int;PERSONAS;fn_transform_Integer(ProgramaEducativoId)
Foto;47;;;;;string;PERSONAS;fn_transform_ClearString(Foto)
CicloVidaAlumId;48;;;;;int;PERSONAS;fn_transform_Integer(CicloVidaAlumId)
CorreoInstitucional;49;;;;;string;PERSONAS;fn_transform_ClearString(CorreoInstitucional)
PathFirma;50;;;;;string;PERSONAS;fn_transform_ClearString(PathFirma)
CodigoFinanciero;51;;;;;string;PERSONAS;fn_transform_ClearString(CodigoFinanciero)
CodigoValidado;52;;;;;boolean;PERSONAS;fn_transform_Boolean(CodigoValidado)
Biografia;53;;;;;string;PERSONAS;fn_transform_ClearString(Biografia)
Id;1;;T;;;int;PLANCURSOS;fn_transform_Integer(Id)
Alias;2;;;;;string;PLANCURSOS;fn_transform_ClearString(Alias)
PeriodoId;3;;;;;int;PLANCURSOS;fn_transform_Integer(PeriodoId)
PlanEstudioId;4;;;;;int;PLANCURSOS;fn_transform_Integer(PlanEstudioId)
UsuarioAccionId;5;;;;;int;PLANCURSOS;fn_transform_Integer(UsuarioAccionId)
UsuarioCreadorId;6;;;;;int;PLANCURSOS;fn_transform_Integer(UsuarioCreadorId)
ParentId;7;;;;;int;PLANCURSOS;fn_transform_Integer(ParentId)
TotalHT;8;;;;;int;PLANCURSOS;fn_transform_Integer(TotalHT)
TotalHP;9;;;;;int;PLANCURSOS;fn_transform_Integer(TotalHP)
Peso;10;;;;;double;PLANCURSOS;fn_transform_Double(Peso)
CursoId;11;;;;;int;PLANCURSOS;fn_transform_Integer(CursoId)
FechaCreacion;12;;;;;timestamp;PLANCURSOS;fn_transform_DatetimeMagic(FechaCreacion,NULL,yyyy-MM-dd HH:mm:ss,1900-01-01 00:00:01)
FechaActualizacion;13;;;T;;timestamp;PLANCURSOS;fn_transform_DatetimeMagic(FechaActualizacion,NULL,yyyy-MM-dd HH:mm:ss,1900-01-01 00:00:01)
Id;1;;T;;;int;PLANESTUDIOS;fn_transform_Integer(Id)
FechaCreacion;2;;;;;timestamp;PLANESTUDIOS;fn_transform_DatetimeMagic(FechaCreacion,NULL,yyyy-MM-dd HH:mm:ss,1900-01-01 00:00:01)
FechaActualizacion;3;;;T;;timestamp;PLANESTUDIOS;fn_transform_DatetimeMagic(FechaActualizacion,NULL,yyyy-MM-dd HH:mm:ss,1900-01-01 00:00:01)
FechaCierre;4;;;;;timestamp;PLANESTUDIOS;fn_transform_DatetimeMagic(FechaCierre,NULL,yyyy-MM-dd HH:mm:ss,1900-01-01 00:00:01)
FechaPublicacion;5;;;;;timestamp;PLANESTUDIOS;fn_transform_DatetimeMagic(FechaPublicacion,NULL,yyyy-MM-dd HH:mm:ss,1900-01-01 00:00:01)
Alias;6;;;;;string;PLANESTUDIOS;fn_transform_ClearString(Alias)
Mencion;7;;;;;string;PLANESTUDIOS;fn_transform_ClearString(Mencion)
ProgramaId;8;;;;;int;PLANESTUDIOS;fn_transform_Integer(ProgramaId)
NombrePlan;9;;;;;string;PLANESTUDIOS;fn_transform_ClearString(NombrePlan)
NroResolucion;10;;;;;string;PLANESTUDIOS;fn_transform_ClearString(NroResolucion)
Responsable;11;;;;;string;PLANESTUDIOS;fn_transform_ClearString(Responsable)
Version;12;;;;;string;PLANESTUDIOS;fn_transform_ClearString(Version)
EstadoId;13;;;;;int;PLANESTUDIOS;fn_transform_Integer(EstadoId)
UsuarioId;14;;;;;int;PLANESTUDIOS;fn_transform_Integer(UsuarioId)
UsuarioAccionId;15;;;;;int;PLANESTUDIOS;fn_transform_Integer(UsuarioAccionId)
FechaResolucion;16;;;;;timestamp;PLANESTUDIOS;fn_transform_DatetimeMagic(FechaResolucion,NULL,yyyy-MM-dd HH:mm:ss,1900-01-01 00:00:01)
CodigoExternoId;17;;;;;string;PLANESTUDIOS;fn_transform_ClearString(CodigoExternoId)
Id;1;;T;;;int;PROGRAMASEDUCATIVO;fn_transform_Integer(Id)
Nombre;2;;;;;string;PROGRAMASEDUCATIVO;fn_transform_ClearString(Nombre)
NivelAcademicoId;3;;;;;int;PROGRAMASEDUCATIVO;fn_transform_Integer(NivelAcademicoId)
ModProgramaId;4;;;;;int;PROGRAMASEDUCATIVO;fn_transform_Integer(ModProgramaId)
BackGroundPortal;5;;;;;string;PROGRAMASEDUCATIVO;fn_transform_ClearString(BackGroundPortal)
colorTituloPortal;6;;;;;string;PROGRAMASEDUCATIVO;fn_transform_ClearString(colorTituloPortal)
FechaCierre;7;;;;;timestamp;PROGRAMASEDUCATIVO;fn_transform_DatetimeMagic(FechaCierre,NULL,yyyy-MM-dd HH:mm:ss,1900-01-01 00:00:01)
FechaAcuerdo;8;;;;;timestamp;PROGRAMASEDUCATIVO;fn_transform_DatetimeMagic(FechaAcuerdo,NULL,yyyy-MM-dd HH:mm:ss,1900-01-01 00:00:01)
FechaResolucion;9;;;;;timestamp;PROGRAMASEDUCATIVO;fn_transform_DatetimeMagic(FechaResolucion,NULL,yyyy-MM-dd HH:mm:ss,1900-01-01 00:00:01)
FechaCreacion;10;;;;;timestamp;PROGRAMASEDUCATIVO;fn_transform_DatetimeMagic(FechaCreacion,NULL,yyyy-MM-dd HH:mm:ss,1900-01-01 00:00:01)
FechaActualizacion;11;;;T;;timestamp;PROGRAMASEDUCATIVO;fn_transform_DatetimeMagic(FechaActualizacion,NULL,yyyy-MM-dd HH:mm:ss,1900-01-01 00:00:01)
FechaPublicacion;12;;;;;timestamp;PROGRAMASEDUCATIVO;fn_transform_DatetimeMagic(FechaPublicacion,NULL,yyyy-MM-dd HH:mm:ss,1900-01-01 00:00:01)
NroCiclos;13;;;;;string;PROGRAMASEDUCATIVO;fn_transform_ClearString(NroCiclos)
NroAcuerdo;14;;;;;string;PROGRAMASEDUCATIVO;fn_transform_ClearString(NroAcuerdo)
NroResolucion;15;;;;;string;PROGRAMASEDUCATIVO;fn_transform_ClearString(NroResolucion)
TiempoDuracion;16;;;;;string;PROGRAMASEDUCATIVO;fn_transform_ClearString(TiempoDuracion)
HorasTeoricas;17;;;;;string;PROGRAMASEDUCATIVO;fn_transform_ClearString(HorasTeoricas)
HorasPracticas;18;;;;;string;PROGRAMASEDUCATIVO;fn_transform_ClearString(HorasPracticas)
HorasTutoria;19;;;;;string;PROGRAMASEDUCATIVO;fn_transform_ClearString(HorasTutoria)
Descripcion;20;;;;;string;PROGRAMASEDUCATIVO;fn_transform_ClearString(Descripcion)
UsuarioAccion;21;;;;;int;PROGRAMASEDUCATIVO;fn_transform_Integer(UsuarioAccion)
EstadoId;22;;;;;int;PROGRAMASEDUCATIVO;fn_transform_Integer(EstadoId)
InfAcademica;23;;;;;string;PROGRAMASEDUCATIVO;fn_transform_ClearString(InfAcademica)
Fotos;24;;;;;string;PROGRAMASEDUCATIVO;fn_transform_ClearString(Fotos)
PlanEstudio;25;;;;;string;PROGRAMASEDUCATIVO;fn_transform_ClearString(PlanEstudio)
Presentacion;26;;;;;string;PROGRAMASEDUCATIVO;fn_transform_ClearString(Presentacion)
Experiencias;27;;;;;string;PROGRAMASEDUCATIVO;fn_transform_ClearString(Experiencias)
Perfiles;28;;;;;string;PROGRAMASEDUCATIVO;fn_transform_ClearString(Perfiles)
UsuarioCreadorId;29;;;;;int;PROGRAMASEDUCATIVO;fn_transform_Integer(UsuarioCreadorId)
EntidadId;30;;;;;int;PROGRAMASEDUCATIVO;fn_transform_Integer(EntidadId)
LinkBrochur;31;;;;;string;PROGRAMASEDUCATIVO;fn_transform_ClearString(LinkBrochur)
TipoEvaluacionId;32;;;;;int;PROGRAMASEDUCATIVO;fn_transform_Integer(TipoEvaluacionId)
ProgramaPredecesorId;34;;;;;int;PROGRAMASEDUCATIVO;fn_transform_Integer(ProgramaPredecesorId)
TipoProgramaId;35;;;;;int;PROGRAMASEDUCATIVO;fn_transform_Integer(TipoProgramaId)
TipoMatriculaId;36;;;;;int;PROGRAMASEDUCATIVO;fn_transform_Integer(TipoMatriculaId)
TipoInformeSiagieId;37;;;;;int;PROGRAMASEDUCATIVO;fn_transform_Integer(TipoInformeSiagieId)
ProgramaExternoId;38;;;;;int;PROGRAMASEDUCATIVO;fn_transform_Integer(ProgramaExternoId)
SiguienteProgramaId;39;;;;;int;PROGRAMASEDUCATIVO;fn_transform_Integer(SiguienteProgramaId)
ProgramaReferenciaId;40;;;;;int;PROGRAMASEDUCATIVO;fn_transform_Integer(ProgramaReferenciaId)
CodigoExternoId;41;;;;;string;PROGRAMASEDUCATIVO;fn_transform_ClearString(CodigoExternoId)
ActividadAprendizajeId;1;;T;;;int;T_GC_MAE_ACTIVIDAD_EVENTO;fn_transform_Integer(ActividadAprendizajeId)
SesionAprendizajeId;2;;;;;int;T_GC_MAE_ACTIVIDAD_EVENTO;fn_transform_Integer(SesionAprendizajeId)
TipoActividadId;3;;;;;int;T_GC_MAE_ACTIVIDAD_EVENTO;fn_transform_Integer(TipoActividadId)
SecuenciaId;4;;;;;int;T_GC_MAE_ACTIVIDAD_EVENTO;fn_transform_Integer(SecuenciaId)
Tiempo;5;;;;;int;T_GC_MAE_ACTIVIDAD_EVENTO;fn_transform_Integer(Tiempo)
Actividad;6;;;;;string;T_GC_MAE_ACTIVIDAD_EVENTO;fn_transform_ClearString(Actividad)
DescripcionActividad;7;;;;;string;T_GC_MAE_ACTIVIDAD_EVENTO;fn_transform_ClearString(DescripcionActividad)
UsuarioCreacion;8;;;;;int;T_GC_MAE_ACTIVIDAD_EVENTO;fn_transform_Integer(UsuarioCreacion)
FechaCreacion;9;;;;;timestamp;T_GC_MAE_ACTIVIDAD_EVENTO;fn_transform_DatetimeMagic(FechaCreacion,NULL,yyyy-MM-dd HH:mm:ss,1900-01-01 00:00:01)
UsuarioAccion;10;;;;;int;T_GC_MAE_ACTIVIDAD_EVENTO;fn_transform_Integer(UsuarioAccion)
FechaAccion;11;;;T;;timestamp;T_GC_MAE_ACTIVIDAD_EVENTO;fn_transform_DatetimeMagic(FechaAccion,NULL,yyyy-MM-dd HH:mm:ss,1900-01-01 00:00:01)
EstadoId;12;;;;;int;T_GC_MAE_ACTIVIDAD_EVENTO;fn_transform_Integer(EstadoId)
ParentId;13;;;;;int;T_GC_MAE_ACTIVIDAD_EVENTO;fn_transform_Integer(ParentId)
ActividadAprendizajeBaseId;14;;;;;int;T_GC_MAE_ACTIVIDAD_EVENTO;fn_transform_Integer(ActividadAprendizajeBaseId)
ProcesoActividadId;15;;;;;int;T_GC_MAE_ACTIVIDAD_EVENTO;fn_transform_Integer(ProcesoActividadId)
InstrumentoEvalId;16;;;;;int;T_GC_MAE_ACTIVIDAD_EVENTO;fn_transform_Integer(InstrumentoEvalId)
RolId;17;;;;;int;T_GC_MAE_ACTIVIDAD_EVENTO;fn_transform_Integer(RolId)
Contenido;18;;;;;string;T_GC_MAE_ACTIVIDAD_EVENTO;fn_transform_ClearString(Contenido)
TareaId;19;;;;;string;T_GC_MAE_ACTIVIDAD_EVENTO;fn_transform_ClearString(TareaId)
CalendarioAcademicoId;1;;T;;;int;T_GC_MAE_CALENDARIO_ACADEMICO;fn_transform_Integer(CalendarioAcademicoId)
ProgramaEducativoId;2;;;;;int;T_GC_MAE_CALENDARIO_ACADEMICO;fn_transform_Integer(ProgramaEducativoId)
AnioAcademicoId;3;;;;;int;T_GC_MAE_CALENDARIO_ACADEMICO;fn_transform_Integer(AnioAcademicoId)
UsuarioCreador;4;;;;;int;T_GC_MAE_CALENDARIO_ACADEMICO;fn_transform_Integer(UsuarioCreador)
FechaCreacion;5;;;;;timestamp;T_GC_MAE_CALENDARIO_ACADEMICO;fn_transform_DatetimeMagic(FechaCreacion,NULL,yyyy-MM-dd HH:mm:ss,1900-01-01 00:00:01)
UsuarioActualizacion;6;;;;;int;T_GC_MAE_CALENDARIO_ACADEMICO;fn_transform_Integer(UsuarioActualizacion)
FechaAccion;7;;;T;;timestamp;T_GC_MAE_CALENDARIO_ACADEMICO;fn_transform_DatetimeMagic(FechaAccion,NULL,yyyy-MM-dd HH:mm:ss,1900-01-01 00:00:01)
EstadoId;8;;;;;int;T_GC_MAE_CALENDARIO_ACADEMICO;fn_transform_Integer(EstadoId)
EntidadId;9;;;;;int;T_GC_MAE_CALENDARIO_ACADEMICO;fn_transform_Integer(EntidadId)
GeoreferenciaId;10;;;;;int;T_GC_MAE_CALENDARIO_ACADEMICO;fn_transform_Integer(GeoreferenciaId)
CalendarioPeriodoId;1;;T;;;int;T_GC_MAE_CALENDARIO_PERIODO;fn_transform_Integer(CalendarioPeriodoId)
CalendarioAcademicoId;2;;;;;int;T_GC_MAE_CALENDARIO_PERIODO;fn_transform_Integer(CalendarioAcademicoId)
TipoId;3;;;;;int;T_GC_MAE_CALENDARIO_PERIODO;fn_transform_Integer(TipoId)
FechaInicio;4;;;;;date;T_GC_MAE_CALENDARIO_PERIODO;fn_transform_DatetimeMagic(FechaInicio,NULL,yyyy-MM-dd HH:mm:ss,1900-01-01 00:00:01)
FechaFin;5;;;;;date;T_GC_MAE_CALENDARIO_PERIODO;fn_transform_DatetimeMagic(FechaFin,NULL,yyyy-MM-dd HH:mm:ss,1900-01-01 00:00:01)
EstadoId;6;;;;;int;T_GC_MAE_CALENDARIO_PERIODO;fn_transform_Integer(EstadoId)
UsuarioCreador;7;;;;;int;T_GC_MAE_CALENDARIO_PERIODO;fn_transform_Integer(UsuarioCreador)
FechaCreaccion;8;;;;;timestamp;T_GC_MAE_CALENDARIO_PERIODO;fn_transform_DatetimeMagic(FechaCreaccion,NULL,yyyy-MM-dd HH:mm:ss,1900-01-01 00:00:01)
UsuarioAccion;9;;;;;int;T_GC_MAE_CALENDARIO_PERIODO;fn_transform_Integer(UsuarioAccion)
FechaAccion;10;;;T;;timestamp;T_GC_MAE_CALENDARIO_PERIODO;fn_transform_DatetimeMagic(FechaAccion,NULL,yyyy-MM-dd HH:mm:ss,1900-01-01 00:00:01)
DiasPlazo;11;;;;;int;T_GC_MAE_CALENDARIO_PERIODO;fn_transform_Integer(DiasPlazo)
CompetenciaId;1;;T;;;int;T_GC_MAE_COMPETENCIA;fn_transform_Integer(CompetenciaId)
TipoCompetenciaId;2;;;;;int;T_GC_MAE_COMPETENCIA;fn_transform_Integer(TipoCompetenciaId)
Competencia;3;;;;;string;T_GC_MAE_COMPETENCIA;fn_transform_ClearString(Competencia)
Descripcion;4;;;;;string;T_GC_MAE_COMPETENCIA;fn_transform_ClearString(Descripcion)
ParentId;5;;;;;int;T_GC_MAE_COMPETENCIA;fn_transform_Integer(ParentId)
Estado;6;;;;;boolean;T_GC_MAE_COMPETENCIA;fn_transform_Boolean(Estado)
UsuarioCreador;7;;;;;int;T_GC_MAE_COMPETENCIA;fn_transform_Integer(UsuarioCreador)
FechaCreacion;8;;;;;timestamp;T_GC_MAE_COMPETENCIA;fn_transform_DatetimeMagic(FechaCreacion,NULL,yyyy-MM-dd HH:mm:ss,1900-01-01 00:00:01)
UsuarioAccion;9;;;;;int;T_GC_MAE_COMPETENCIA;fn_transform_Integer(UsuarioAccion)
FechaAccion;10;;;T;;timestamp;T_GC_MAE_COMPETENCIA;fn_transform_DatetimeMagic(FechaAccion,NULL,yyyy-MM-dd HH:mm:ss,1900-01-01 00:00:01)
EntidadId;11;;;;;int;T_GC_MAE_COMPETENCIA;fn_transform_Integer(EntidadId)
GeoreferenciaId;12;;;;;int;T_GC_MAE_COMPETENCIA;fn_transform_Integer(GeoreferenciaId)
Alias;13;;;;;string;T_GC_MAE_COMPETENCIA;fn_transform_ClearString(Alias)
Codigo;14;;;;;string;T_GC_MAE_COMPETENCIA;fn_transform_ClearString(Codigo)
CompetenciaExternoId;15;;;;;int;T_GC_MAE_COMPETENCIA;fn_transform_Integer(CompetenciaExternoId)
Orden;16;;;;;int;T_GC_MAE_COMPETENCIA;fn_transform_Integer(Orden)
ProductoAprendizajeId;1;;T;;;int;T_GC_MAE_PRODUCTO_APRENDIZAJE_EVENTO;fn_transform_Integer(ProductoAprendizajeId)
Titulo;2;;;;;string;T_GC_MAE_PRODUCTO_APRENDIZAJE_EVENTO;fn_transform_ClearString(Titulo)
Descripcion;3;;;;;string;T_GC_MAE_PRODUCTO_APRENDIZAJE_EVENTO;fn_transform_ClearString(Descripcion)
Estado;4;;;;;boolean;T_GC_MAE_PRODUCTO_APRENDIZAJE_EVENTO;fn_transform_Boolean(Estado)
UnidadAprendizajeId;5;;;;;int;T_GC_MAE_PRODUCTO_APRENDIZAJE_EVENTO;fn_transform_Integer(UnidadAprendizajeId)
SilaboEventoId;6;;;;;int;T_GC_MAE_PRODUCTO_APRENDIZAJE_EVENTO;fn_transform_Integer(SilaboEventoId)
UsuarioCreadorId;7;;;;;int;T_GC_MAE_PRODUCTO_APRENDIZAJE_EVENTO;fn_transform_Integer(UsuarioCreadorId)
UsuarioAccionId;8;;;;;int;T_GC_MAE_PRODUCTO_APRENDIZAJE_EVENTO;fn_transform_Integer(UsuarioAccionId)
FechaCreacion;9;;;;;timestamp;T_GC_MAE_PRODUCTO_APRENDIZAJE_EVENTO;fn_transform_DatetimeMagic(FechaCreacion,NULL,yyyy-MM-dd HH:mm:ss,1900-01-01 00:00:01)
FechaAccion;10;;;T;;timestamp;T_GC_MAE_PRODUCTO_APRENDIZAJE_EVENTO;fn_transform_DatetimeMagic(FechaAccion,NULL,yyyy-MM-dd HH:mm:ss,1900-01-01 00:00:01)
ProductoAprendizajeBaseId;11;;;;;int;T_GC_MAE_PRODUCTO_APRENDIZAJE_EVENTO;fn_transform_Integer(ProductoAprendizajeBaseId)
Contenido;12;;;;;string;T_GC_MAE_PRODUCTO_APRENDIZAJE_EVENTO;fn_transform_ClearString(Contenido)
RecursoDidacticoId;1;;T;;;string;T_GC_MAE_RECURSO_DIDATICO_EVENTO;fn_transform_ClearString(RecursoDidacticoId)
Titulo;2;;;;;string;T_GC_MAE_RECURSO_DIDATICO_EVENTO;fn_transform_ClearString(Titulo)
Descripcion;3;;;;;string;T_GC_MAE_RECURSO_DIDATICO_EVENTO;fn_transform_ClearString(Descripcion)
TipoId;4;;;;;int;T_GC_MAE_RECURSO_DIDATICO_EVENTO;fn_transform_Integer(TipoId)
SilaboEventoId;5;;;;;int;T_GC_MAE_RECURSO_DIDATICO_EVENTO;fn_transform_Integer(SilaboEventoId)
Estado;6;;;;;boolean;T_GC_MAE_RECURSO_DIDATICO_EVENTO;fn_transform_Boolean(Estado)
UsuarioCreador;7;;;;;int;T_GC_MAE_RECURSO_DIDATICO_EVENTO;fn_transform_Integer(UsuarioCreador)
FechaCreacion;8;;;;;timestamp;T_GC_MAE_RECURSO_DIDATICO_EVENTO;fn_transform_DatetimeMagic(FechaCreacion,NULL,yyyy-MM-dd HH:mm:ss,1900-01-01 00:00:01)
UsuarioAccion;9;;;;;int;T_GC_MAE_RECURSO_DIDATICO_EVENTO;fn_transform_Integer(UsuarioAccion)
FechaAccion;10;;;T;;timestamp;T_GC_MAE_RECURSO_DIDATICO_EVENTO;fn_transform_DatetimeMagic(FechaAccion,NULL,yyyy-MM-dd HH:mm:ss,1900-01-01 00:00:01)
PlanCursoId;11;;;;;int;T_GC_MAE_RECURSO_DIDATICO_EVENTO;fn_transform_Integer(PlanCursoId)
Url;12;;;;;string;T_GC_MAE_RECURSO_DIDATICO_EVENTO;fn_transform_ClearString(Url)
RecursoDidacticoBaseId;13;;;;;int;T_GC_MAE_RECURSO_DIDATICO_EVENTO;fn_transform_Integer(RecursoDidacticoBaseId)
DriveId;14;;;;;string;T_GC_MAE_RECURSO_DIDATICO_EVENTO;fn_transform_ClearString(DriveId)
Vectorizado;15;;;;;boolean;T_GC_MAE_RECURSO_DIDATICO_EVENTO;fn_transform_Boolean(Vectorizado)
SesionAprendizajeId;1;;T;;;int;T_GC_MAE_SESION_APRENDIZAJE_EVENTO;fn_transform_Integer(SesionAprendizajeId)
UnidadAprendizajeId;2;;;;;int;T_GC_MAE_SESION_APRENDIZAJE_EVENTO;fn_transform_Integer(UnidadAprendizajeId)
Titulo;3;;;;;string;T_GC_MAE_SESION_APRENDIZAJE_EVENTO;fn_transform_ClearString(Titulo)
Horas;4;;;;;int;T_GC_MAE_SESION_APRENDIZAJE_EVENTO;fn_transform_Integer(Horas)
Contenido;5;;;;;string;T_GC_MAE_SESION_APRENDIZAJE_EVENTO;fn_transform_ClearString(Contenido)
UsuarioCreador;6;;;;;int;T_GC_MAE_SESION_APRENDIZAJE_EVENTO;fn_transform_Integer(UsuarioCreador)
FechaCreacion;7;;;;;timestamp;T_GC_MAE_SESION_APRENDIZAJE_EVENTO;fn_transform_DatetimeMagic(FechaCreacion,NULL,yyyy-MM-dd HH:mm:ss,1900-01-01 00:00:01)
UsuarioAccion;8;;;;;int;T_GC_MAE_SESION_APRENDIZAJE_EVENTO;fn_transform_Integer(UsuarioAccion)
FechaAccion;9;;;T;;timestamp;T_GC_MAE_SESION_APRENDIZAJE_EVENTO;fn_transform_DatetimeMagic(FechaAccion,NULL,yyyy-MM-dd HH:mm:ss,1900-01-01 00:00:01)
EstadoId;10;;;;;int;T_GC_MAE_SESION_APRENDIZAJE_EVENTO;fn_transform_Integer(EstadoId)
FechaEjecucion;11;;;;;date;T_GC_MAE_SESION_APRENDIZAJE_EVENTO;fn_transform_DatetimeMagic(FechaEjecucion,NULL,yyyy-MM-dd HH:mm:ss,1900-01-01 00:00:01)
FechaReprogramacion;12;;;;;date;T_GC_MAE_SESION_APRENDIZAJE_EVENTO;fn_transform_DatetimeMagic(FechaReprogramacion,NULL,yyyy-MM-dd HH:mm:ss,1900-01-01 00:00:01)
FechaPublicacion;13;;;;;timestamp;T_GC_MAE_SESION_APRENDIZAJE_EVENTO;fn_transform_DatetimeMagic(FechaPublicacion,NULL,yyyy-MM-dd HH:mm:ss,1900-01-01 00:00:01)
NroSesion;14;;;;;int;T_GC_MAE_SESION_APRENDIZAJE_EVENTO;fn_transform_Integer(NroSesion)
RolId;15;;;;;int;T_GC_MAE_SESION_APRENDIZAJE_EVENTO;fn_transform_Integer(RolId)
FechaEntrega;16;;;;;timestamp;T_GC_MAE_SESION_APRENDIZAJE_EVENTO;fn_transform_DatetimeMagic(FechaEntrega,NULL,yyyy-MM-dd HH:mm:ss,1900-01-01 00:00:01)
Proposito;17;;;;;string;T_GC_MAE_SESION_APRENDIZAJE_EVENTO;fn_transform_ClearString(Proposito)
ArchivoId;18;;;;;string;T_GC_MAE_SESION_APRENDIZAJE_EVENTO;fn_transform_ClearString(ArchivoId)
ProcesoAprendizajeId;19;;;;;int;T_GC_MAE_SESION_APRENDIZAJE_EVENTO;fn_transform_Integer(ProcesoAprendizajeId)
SesionAprendizajeBaseId;20;;;;;int;T_GC_MAE_SESION_APRENDIZAJE_EVENTO;fn_transform_Integer(SesionAprendizajeBaseId)
EstadoEjecucionId;21;;;;;int;T_GC_MAE_SESION_APRENDIZAJE_EVENTO;fn_transform_Integer(EstadoEjecucionId)
FechaRealizada;22;;;;;timestamp;T_GC_MAE_SESION_APRENDIZAJE_EVENTO;fn_transform_DatetimeMagic(FechaRealizada,NULL,yyyy-MM-dd HH:mm:ss,1900-01-01 00:00:01)
EstadoVerificacionId;23;;;;;int;T_GC_MAE_SESION_APRENDIZAJE_EVENTO;fn_transform_Integer(EstadoVerificacionId)
PathPDF;24;;;;;string;T_GC_MAE_SESION_APRENDIZAJE_EVENTO;fn_transform_ClearString(PathPDF)
PathPDFMultiple;25;;;;;string;T_GC_MAE_SESION_APRENDIZAJE_EVENTO;fn_transform_ClearString(PathPDFMultiple)
FechaEjecucionFin;26;;;;;timestamp;T_GC_MAE_SESION_APRENDIZAJE_EVENTO;fn_transform_DatetimeMagic(FechaEjecucionFin,NULL,yyyy-MM-dd HH:mm:ss,1900-01-01 00:00:01)
EstadoEvaluacion;27;;;;;boolean;T_GC_MAE_SESION_APRENDIZAJE_EVENTO;fn_transform_Boolean(EstadoEvaluacion)
Evaluados;28;;;;;int;T_GC_MAE_SESION_APRENDIZAJE_EVENTO;fn_transform_Integer(Evaluados)
DocenteId;29;;;;;int;T_GC_MAE_SESION_APRENDIZAJE_EVENTO;fn_transform_Integer(DocenteId)
ParentSesionId;30;;;;;int;T_GC_MAE_SESION_APRENDIZAJE_EVENTO;fn_transform_Integer(ParentSesionId)
Recomendados;31;;;;;int;T_GC_MAE_SESION_APRENDIZAJE_EVENTO;fn_transform_Integer(Recomendados)
CodigoExternoId;32;;;;;string;T_GC_MAE_SESION_APRENDIZAJE_EVENTO;fn_transform_ClearString(CodigoExternoId)
IgnorarMonitoreo;33;;;;;boolean;T_GC_MAE_SESION_APRENDIZAJE_EVENTO;fn_transform_Boolean(IgnorarMonitoreo)
EtiquetaId;34;;;;;int;T_GC_MAE_SESION_APRENDIZAJE_EVENTO;fn_transform_Integer(EtiquetaId)
OcultarColegas;35;;;;;boolean;T_GC_MAE_SESION_APRENDIZAJE_EVENTO;fn_transform_Boolean(OcultarColegas)
FechaCertificado;37;;;;;timestamp;T_GC_MAE_SESION_APRENDIZAJE_EVENTO;fn_transform_DatetimeMagic(FechaCertificado,NULL,yyyy-MM-dd HH:mm:ss,1900-01-01 00:00:01)
CodigoCompartir;38;;;;;string;T_GC_MAE_SESION_APRENDIZAJE_EVENTO;fn_transform_ClearString(CodigoCompartir)
SilaboEventoId;1;;T;;;int;T_GC_MAE_SILABO_EVENTO;fn_transform_Integer(SilaboEventoId)
Titulo;2;;;;;string;T_GC_MAE_SILABO_EVENTO;fn_transform_ClearString(Titulo)
DescripcionGeneral;3;;;;;string;T_GC_MAE_SILABO_EVENTO;fn_transform_ClearString(DescripcionGeneral)
PlanCursoId;4;;;;;int;T_GC_MAE_SILABO_EVENTO;fn_transform_Integer(PlanCursoId)
EntidadId;5;;;;;int;T_GC_MAE_SILABO_EVENTO;fn_transform_Integer(EntidadId)
DocenteId;6;;;;;int;T_GC_MAE_SILABO_EVENTO;fn_transform_Integer(DocenteId)
SeccionId;7;;;;;int;T_GC_MAE_SILABO_EVENTO;fn_transform_Integer(SeccionId)
FechaInicio;8;;;;;date;T_GC_MAE_SILABO_EVENTO;fn_transform_DatetimeMagic(FechaInicio,NULL,yyyy-MM-dd HH:mm:ss,1900-01-01 00:00:01)
FechaFin;9;;;;;date;T_GC_MAE_SILABO_EVENTO;fn_transform_DatetimeMagic(FechaFin,NULL,yyyy-MM-dd HH:mm:ss,1900-01-01 00:00:01)
UsuarioCreadorId;10;;;;;int;T_GC_MAE_SILABO_EVENTO;fn_transform_Integer(UsuarioCreadorId)
FechaCreacion;11;;;;;timestamp;T_GC_MAE_SILABO_EVENTO;fn_transform_DatetimeMagic(FechaCreacion,NULL,yyyy-MM-dd HH:mm:ss,1900-01-01 00:00:01)
UsuarioAccionId;12;;;;;int;T_GC_MAE_SILABO_EVENTO;fn_transform_Integer(UsuarioAccionId)
FechaAccion;13;;;T;;timestamp;T_GC_MAE_SILABO_EVENTO;fn_transform_DatetimeMagic(FechaAccion,NULL,yyyy-MM-dd HH:mm:ss,1900-01-01 00:00:01)
EstadoId;14;;;;;int;T_GC_MAE_SILABO_EVENTO;fn_transform_Integer(EstadoId)
AnioAcademicoId;15;;;;;int;T_GC_MAE_SILABO_EVENTO;fn_transform_Integer(AnioAcademicoId)
GeoreferenciaId;16;;;;;int;T_GC_MAE_SILABO_EVENTO;fn_transform_Integer(GeoreferenciaId)
SilaboBaseId;17;;;;;int;T_GC_MAE_SILABO_EVENTO;fn_transform_Integer(SilaboBaseId)
OrganigramaId;18;;;;;int;T_GC_MAE_SILABO_EVENTO;fn_transform_Integer(OrganigramaId)
CargaCursoId;19;;;;;int;T_GC_MAE_SILABO_EVENTO;fn_transform_Integer(CargaCursoId)
TrabajoxIDCs;20;;;;;int;T_GC_MAE_SILABO_EVENTO;fn_transform_Integer(TrabajoxIDCs)
EstadoPlanCB;21;;;;;boolean;T_GC_MAE_SILABO_EVENTO;fn_transform_Boolean(EstadoPlanCB)
EstadoPlanCTET;22;;;;;boolean;T_GC_MAE_SILABO_EVENTO;fn_transform_Boolean(EstadoPlanCTET)
ParametroDisenioId;23;;;;;int;T_GC_MAE_SILABO_EVENTO;fn_transform_Integer(ParametroDisenioId)
CompetenciaTId;24;;;;;int;T_GC_MAE_SILABO_EVENTO;fn_transform_Integer(CompetenciaTId)
PeriodoId;25;;;;;int;T_GC_MAE_SILABO_EVENTO;fn_transform_Integer(PeriodoId)
ProgramaId;26;;;;;int;T_GC_MAE_SILABO_EVENTO;fn_transform_Integer(ProgramaId)
CodigoExternoId;27;;;;;string;T_GC_MAE_SILABO_EVENTO;fn_transform_ClearString(CodigoExternoId)
DataExterna;28;;;;;boolean;T_GC_MAE_SILABO_EVENTO;fn_transform_Boolean(DataExterna)
TareaId;1;;T;;;string;T_GC_MAE_TAREA_EVENTO;fn_transform_ClearString(TareaId)
Titulo;2;;;;;string;T_GC_MAE_TAREA_EVENTO;fn_transform_ClearString(Titulo)
Instrucciones;3;;;;;string;T_GC_MAE_TAREA_EVENTO;fn_transform_ClearString(Instrucciones)
FechaCreacion;4;;;;;timestamp;T_GC_MAE_TAREA_EVENTO;fn_transform_DatetimeMagic(FechaCreacion,NULL,yyyy-MM-dd HH:mm:ss,1900-01-01 00:00:01)
UsuarioCreadorId;5;;;;;int;T_GC_MAE_TAREA_EVENTO;fn_transform_Integer(UsuarioCreadorId)
FechaAccion;6;;;T;;timestamp;T_GC_MAE_TAREA_EVENTO;fn_transform_DatetimeMagic(FechaAccion,NULL,yyyy-MM-dd HH:mm:ss,1900-01-01 00:00:01)
UsuarioAccionId;7;;;;;int;T_GC_MAE_TAREA_EVENTO;fn_transform_Integer(UsuarioAccionId)
EstadoId;8;;;;;int;T_GC_MAE_TAREA_EVENTO;fn_transform_Integer(EstadoId)
UnidadAprendizajeId;9;;;;;int;T_GC_MAE_TAREA_EVENTO;fn_transform_Integer(UnidadAprendizajeId)
SesionAprendizajeId;10;;;;;int;T_GC_MAE_TAREA_EVENTO;fn_transform_Integer(SesionAprendizajeId)
FechaEntrega;11;;;;;timestamp;T_GC_MAE_TAREA_EVENTO;fn_transform_DatetimeMagic(FechaEntrega,NULL,yyyy-MM-dd HH:mm:ss,1900-01-01 00:00:01)
HoraEntrega;12;;;;;timestamp;T_GC_MAE_TAREA_EVENTO;fn_transform_DatetimeMagic(HoraEntrega,NULL,yyyy-MM-dd HH:mm:ss,1900-01-01 00:00:01)
TareaBaseId;13;;;;;int;T_GC_MAE_TAREA_EVENTO;fn_transform_Integer(TareaBaseId)
GrupoIndividual;14;;;;;boolean;T_GC_MAE_TAREA_EVENTO;fn_transform_Boolean(GrupoIndividual)
UnidadAprendizajeId;1;;T;;;int;T_GC_MAE_UNIDAD_APRENDIZAJE_EVENTO;fn_transform_Integer(UnidadAprendizajeId)
NroUnidad;2;;;;;int;T_GC_MAE_UNIDAD_APRENDIZAJE_EVENTO;fn_transform_Integer(NroUnidad)
Titulo;3;;;;;string;T_GC_MAE_UNIDAD_APRENDIZAJE_EVENTO;fn_transform_ClearString(Titulo)
SituacionSignificativa;4;;;;;string;T_GC_MAE_UNIDAD_APRENDIZAJE_EVENTO;fn_transform_ClearString(SituacionSignificativa)
NroSemanas;5;;;;;int;T_GC_MAE_UNIDAD_APRENDIZAJE_EVENTO;fn_transform_Integer(NroSemanas)
NroHoras;6;;;;;int;T_GC_MAE_UNIDAD_APRENDIZAJE_EVENTO;fn_transform_Integer(NroHoras)
NroSesiones;7;;;;;int;T_GC_MAE_UNIDAD_APRENDIZAJE_EVENTO;fn_transform_Integer(NroSesiones)
UsuarioCreador;8;;;;;int;T_GC_MAE_UNIDAD_APRENDIZAJE_EVENTO;fn_transform_Integer(UsuarioCreador)
FechaCreacion;9;;;;;timestamp;T_GC_MAE_UNIDAD_APRENDIZAJE_EVENTO;fn_transform_DatetimeMagic(FechaCreacion,NULL,yyyy-MM-dd HH:mm:ss,1900-01-01 00:00:01)
UsuarioAccion;10;;;;;int;T_GC_MAE_UNIDAD_APRENDIZAJE_EVENTO;fn_transform_Integer(UsuarioAccion)
FechaAccion;11;;;T;;timestamp;T_GC_MAE_UNIDAD_APRENDIZAJE_EVENTO;fn_transform_DatetimeMagic(FechaAccion,NULL,yyyy-MM-dd HH:mm:ss,1900-01-01 00:00:01)
EstadoId;12;;;;;int;T_GC_MAE_UNIDAD_APRENDIZAJE_EVENTO;fn_transform_Integer(EstadoId)
SilaboEventoId;13;;;;;int;T_GC_MAE_UNIDAD_APRENDIZAJE_EVENTO;fn_transform_Integer(SilaboEventoId)
SituacionSignificativaComplementaria;14;;;;;string;T_GC_MAE_UNIDAD_APRENDIZAJE_EVENTO;fn_transform_ClearString(SituacionSignificativaComplementaria)
Desafio;15;;;;;string;T_GC_MAE_UNIDAD_APRENDIZAJE_EVENTO;fn_transform_ClearString(Desafio)
Reto;16;;;;;string;T_GC_MAE_UNIDAD_APRENDIZAJE_EVENTO;fn_transform_ClearString(Reto)
UnidadAprendizajeBaseId;17;;;;;int;T_GC_MAE_UNIDAD_APRENDIZAJE_EVENTO;fn_transform_Integer(UnidadAprendizajeBaseId)
CodigoExternoId;18;;;;;string;T_GC_MAE_UNIDAD_APRENDIZAJE_EVENTO;fn_transform_ClearString(CodigoExternoId)
TareaId;1;;T;;;string;T_GC_MOV_ESTADO_ENTREGA_TAREA;fn_transform_ClearString(TareaId)
AlumnoId;2;;;;;int;T_GC_MOV_ESTADO_ENTREGA_TAREA;fn_transform_Integer(AlumnoId)
Entregado;3;;;;;boolean;T_GC_MOV_ESTADO_ENTREGA_TAREA;fn_transform_Boolean(Entregado)
UsuarioAccionId;4;;;;;int;T_GC_MOV_ESTADO_ENTREGA_TAREA;fn_transform_Integer(UsuarioAccionId)
FechaAccion;5;;;T;;timestamp;T_GC_MOV_ESTADO_ENTREGA_TAREA;fn_transform_DatetimeMagic(FechaAccion,NULL,yyyy-MM-dd HH:mm:ss,1900-01-01 00:00:01)
SilaboEventoId;1;;T;;;int;T_GC_REL_PRODUCTO_EVENTO_REFERENCIA;fn_transform_Integer(SilaboEventoId)
UnidadAprendizajeId;2;;;;;int;T_GC_REL_PRODUCTO_EVENTO_REFERENCIA;fn_transform_Integer(UnidadAprendizajeId)
SesionAprendizajeId;3;;;;;int;T_GC_REL_PRODUCTO_EVENTO_REFERENCIA;fn_transform_Integer(SesionAprendizajeId)
ProductoAprendizajeId;4;;;;;int;T_GC_REL_PRODUCTO_EVENTO_REFERENCIA;fn_transform_Integer(ProductoAprendizajeId)
RecursoReferenciaId;1;;T;;;int;T_GC_REL_RECURSO_EVENTO_REFERENCIA;fn_transform_Integer(RecursoReferenciaId)
RecursoDidacticoId;2;;;;;string;T_GC_REL_RECURSO_EVENTO_REFERENCIA;fn_transform_ClearString(RecursoDidacticoId)
SilaboEventoId;3;;;;;int;T_GC_REL_RECURSO_EVENTO_REFERENCIA;fn_transform_Integer(SilaboEventoId)
UnidadAprendizajeId;4;;;;;int;T_GC_REL_RECURSO_EVENTO_REFERENCIA;fn_transform_Integer(UnidadAprendizajeId)
SesionAprendizajeId;5;;;;;int;T_GC_REL_RECURSO_EVENTO_REFERENCIA;fn_transform_Integer(SesionAprendizajeId)
ActividadAprendizajeId;6;;;;;int;T_GC_REL_RECURSO_EVENTO_REFERENCIA;fn_transform_Integer(ActividadAprendizajeId)
RecursoReferenciaBaseId;7;;;;;int;T_GC_REL_RECURSO_EVENTO_REFERENCIA;fn_transform_Integer(RecursoReferenciaBaseId)
TipoRecursoId;8;;;;;int;T_GC_REL_RECURSO_EVENTO_REFERENCIA;fn_transform_Integer(TipoRecursoId)
Oculto;9;;;;;boolean;T_GC_REL_RECURSO_EVENTO_REFERENCIA;fn_transform_Boolean(Oculto)
FechaCreacion;10;;;;;timestamp;T_GC_REL_RECURSO_EVENTO_REFERENCIA;fn_transform_DatetimeMagic(FechaCreacion,NULL,yyyy-MM-dd HH:mm:ss,1900-01-01 00:00:01)
FechaAccion;11;;;T;;timestamp;T_GC_REL_RECURSO_EVENTO_REFERENCIA;fn_transform_DatetimeMagic(FechaAccion,NULL,yyyy-MM-dd HH:mm:ss,1900-01-01 00:00:01)
UsuarioCreacion;12;;;;;int;T_GC_REL_RECURSO_EVENTO_REFERENCIA;fn_transform_Integer(UsuarioCreacion)
UsuarioAccion;13;;;;;int;T_GC_REL_RECURSO_EVENTO_REFERENCIA;fn_transform_Integer(UsuarioAccion)
UnidadAprendizajeId;1;;T;;;int;T_GC_REL_UNIDAD_APREN_EVENTO_TIPO;fn_transform_Integer(UnidadAprendizajeId)
TipoId;2;;;;;int;T_GC_REL_UNIDAD_APREN_EVENTO_TIPO;fn_transform_Integer(TipoId)
InstrumentoEvalId;1;;T;;;int;T_GIE_MAE_INSTRUMENTO_EVALUACION;fn_transform_Integer(InstrumentoEvalId)
Nombre;2;;;;;string;T_GIE_MAE_INSTRUMENTO_EVALUACION;fn_transform_ClearString(Nombre)
Descripcion;3;;;;;string;T_GIE_MAE_INSTRUMENTO_EVALUACION;fn_transform_ClearString(Descripcion)
TipoInstrumentoId;4;;;;;int;T_GIE_MAE_INSTRUMENTO_EVALUACION;fn_transform_Integer(TipoInstrumentoId)
EntidadId;5;;;;;int;T_GIE_MAE_INSTRUMENTO_EVALUACION;fn_transform_Integer(EntidadId)
GeoreferenciaId;6;;;;;int;T_GIE_MAE_INSTRUMENTO_EVALUACION;fn_transform_Integer(GeoreferenciaId)
AreaInstrumentoId;7;;;;;int;T_GIE_MAE_INSTRUMENTO_EVALUACION;fn_transform_Integer(AreaInstrumentoId)
Confiabilidad;8;;;;;double;T_GIE_MAE_INSTRUMENTO_EVALUACION;fn_transform_Number(Confiabilidad)
FechaCreacion;9;;;;;timestamp;T_GIE_MAE_INSTRUMENTO_EVALUACION;fn_transform_DatetimeMagic(FechaCreacion,NULL,yyyy-MM-dd HH:mm:ss,1900-01-01 00:00:01)
FechaActualizacion;10;;;T;;timestamp;T_GIE_MAE_INSTRUMENTO_EVALUACION;fn_transform_DatetimeMagic(FechaActualizacion,NULL,yyyy-MM-dd HH:mm:ss,1900-01-01 00:00:01)
UsuarioCreadorId;11;;;;;int;T_GIE_MAE_INSTRUMENTO_EVALUACION;fn_transform_Integer(UsuarioCreadorId)
UsuarioAccionId;12;;;;;int;T_GIE_MAE_INSTRUMENTO_EVALUACION;fn_transform_Integer(UsuarioAccionId)
Imagen;13;;;;;string;T_GIE_MAE_INSTRUMENTO_EVALUACION;fn_transform_ClearString(Imagen)
Icono;14;;;;;string;T_GIE_MAE_INSTRUMENTO_EVALUACION;fn_transform_ClearString(Icono)
Encuesta;15;;;;;boolean;T_GIE_MAE_INSTRUMENTO_EVALUACION;fn_transform_Boolean(Encuesta)
Alcance;16;;;;;boolean;T_GIE_MAE_INSTRUMENTO_EVALUACION;fn_transform_Boolean(Alcance)
Comprobacion;17;;;;;boolean;T_GIE_MAE_INSTRUMENTO_EVALUACION;fn_transform_Boolean(Comprobacion)
Publicado;18;;;;;boolean;T_GIE_MAE_INSTRUMENTO_EVALUACION;fn_transform_Boolean(Publicado)
UsuarioId;19;;;;;int;T_GIE_MAE_INSTRUMENTO_EVALUACION;fn_transform_Integer(UsuarioId)
SilaboId;20;;;;;int;T_GIE_MAE_INSTRUMENTO_EVALUACION;fn_transform_Integer(SilaboId)
UnidadId;21;;;;;int;T_GIE_MAE_INSTRUMENTO_EVALUACION;fn_transform_Integer(UnidadId)
SesionId;22;;;;;int;T_GIE_MAE_INSTRUMENTO_EVALUACION;fn_transform_Integer(SesionId)
Estado;23;;;;;boolean;T_GIE_MAE_INSTRUMENTO_EVALUACION;fn_transform_Boolean(Estado)
Corporativa;24;;;;;boolean;T_GIE_MAE_INSTRUMENTO_EVALUACION;fn_transform_Boolean(Corporativa)
InstrumentoEvalParentId;25;;;;;int;T_GIE_MAE_INSTRUMENTO_EVALUACION;fn_transform_Integer(InstrumentoEvalParentId)
CantidadPreguntas;26;;;;;int;T_GIE_MAE_INSTRUMENTO_EVALUACION;fn_transform_Integer(CantidadPreguntas)
InstrumentoEvalExternoId;27;;;;;int;T_GIE_MAE_INSTRUMENTO_EVALUACION;fn_transform_Integer(InstrumentoEvalExternoId)
Privado;28;;;;;boolean;T_GIE_MAE_INSTRUMENTO_EVALUACION;fn_transform_Boolean(Privado)
ClaseColor;29;;;;;string;T_GIE_MAE_INSTRUMENTO_EVALUACION;fn_transform_ClearString(ClaseColor)
EstadoId;30;;;;;int;T_GIE_MAE_INSTRUMENTO_EVALUACION;fn_transform_Integer(EstadoId)
OrigenInstrumentoId;31;;;;;int;T_GIE_MAE_INSTRUMENTO_EVALUACION;fn_transform_Integer(OrigenInstrumentoId)
CantPregSRCs;32;;;;;int;T_GIE_MAE_INSTRUMENTO_EVALUACION;fn_transform_Integer(CantPregSRCs)
TipoGraficoId;33;;;;;int;T_GIE_MAE_INSTRUMENTO_EVALUACION;fn_transform_Integer(TipoGraficoId)
ProcessAuto;34;;;;;boolean;T_GIE_MAE_INSTRUMENTO_EVALUACION;fn_transform_Boolean(ProcessAuto)
RevolverPreguntas;35;;;;;boolean;T_GIE_MAE_INSTRUMENTO_EVALUACION;fn_transform_Boolean(RevolverPreguntas)
RevolverOpciones;36;;;;;boolean;T_GIE_MAE_INSTRUMENTO_EVALUACION;fn_transform_Boolean(RevolverOpciones)
Instrucciones;37;;;;;string;T_GIE_MAE_INSTRUMENTO_EVALUACION;fn_transform_ClearString(Instrucciones)
TipoInstruccion;38;;;;;string;T_GIE_MAE_INSTRUMENTO_EVALUACION;fn_transform_ClearString(TipoInstruccion)
ControlTiempo;39;;;;;string;T_GIE_MAE_INSTRUMENTO_EVALUACION;fn_transform_ClearString(ControlTiempo)
NavegabilidadPreg;40;;;;;boolean;T_GIE_MAE_INSTRUMENTO_EVALUACION;fn_transform_Boolean(NavegabilidadPreg)
Tiempo;41;;;;;int;T_GIE_MAE_INSTRUMENTO_EVALUACION;fn_transform_Integer(Tiempo)
OtroTC;42;;;;;string;T_GIE_MAE_INSTRUMENTO_EVALUACION;fn_transform_ClearString(OtroTC)
DescripcionInforme;43;;;;;string;T_GIE_MAE_INSTRUMENTO_EVALUACION;fn_transform_ClearString(DescripcionInforme)
RubroEvalProcesoId;1;;T;;;string;T_RN_MAE_RUBRO_EVALUACION_PROCESO;fn_transform_ClearString(RubroEvalProcesoId)
Titulo;2;;;;;string;T_RN_MAE_RUBRO_EVALUACION_PROCESO;fn_transform_ClearString(Titulo)
Subtitulo;3;;;;;string;T_RN_MAE_RUBRO_EVALUACION_PROCESO;fn_transform_ClearString(Subtitulo)
TipoNotaId;4;;;;;string;T_RN_MAE_RUBRO_EVALUACION_PROCESO;fn_transform_ClearString(TipoNotaId)
ColorFondo;5;;;;;string;T_RN_MAE_RUBRO_EVALUACION_PROCESO;fn_transform_ClearString(ColorFondo)
MColorFondo;6;;;;;boolean;T_RN_MAE_RUBRO_EVALUACION_PROCESO;fn_transform_Boolean(MColorFondo)
ValorDefecto;7;;;;;string;T_RN_MAE_RUBRO_EVALUACION_PROCESO;fn_transform_ClearString(ValorDefecto)
AnchoColumna;8;;;;;string;T_RN_MAE_RUBRO_EVALUACION_PROCESO;fn_transform_ClearString(AnchoColumna)
OcultarColumna;9;;;;;boolean;T_RN_MAE_RUBRO_EVALUACION_PROCESO;fn_transform_Boolean(OcultarColumna)
TipoFormulaId;10;;;;;int;T_RN_MAE_RUBRO_EVALUACION_PROCESO;fn_transform_Integer(TipoFormulaId)
SilaboEventoId;11;;;;;int;T_RN_MAE_RUBRO_EVALUACION_PROCESO;fn_transform_Integer(SilaboEventoId)
TipoRedondeoId;12;;;;;int;T_RN_MAE_RUBRO_EVALUACION_PROCESO;fn_transform_Integer(TipoRedondeoId)
ValorRedondeoId;13;;;;;int;T_RN_MAE_RUBRO_EVALUACION_PROCESO;fn_transform_Integer(ValorRedondeoId)
UsuarioCreacionId;14;;;;;int;T_RN_MAE_RUBRO_EVALUACION_PROCESO;fn_transform_Integer(UsuarioCreacionId)
FechaCreacion;15;;;;;timestamp;T_RN_MAE_RUBRO_EVALUACION_PROCESO;fn_transform_DatetimeMagic(FechaCreacion,NULL,yyyy-MM-dd HH:mm:ss,1900-01-01 00:00:01)
UsuarioAccionId;16;;;;;int;T_RN_MAE_RUBRO_EVALUACION_PROCESO;fn_transform_Integer(UsuarioAccionId)
FechaAccion;17;;;T;;timestamp;T_RN_MAE_RUBRO_EVALUACION_PROCESO;fn_transform_DatetimeMagic(FechaAccion,NULL,yyyy-MM-dd HH:mm:ss,1900-01-01 00:00:01)
EstadoId;18;;;;;int;T_RN_MAE_RUBRO_EVALUACION_PROCESO;fn_transform_Integer(EstadoId)
RubroEvalResultadoId;19;;;;;int;T_RN_MAE_RUBRO_EVALUACION_PROCESO;fn_transform_Integer(RubroEvalResultadoId)
EscalaEvaluacionId;20;;;;;int;T_RN_MAE_RUBRO_EVALUACION_PROCESO;fn_transform_Integer(EscalaEvaluacionId)
TipoEvaluacionId;21;;;;;int;T_RN_MAE_RUBRO_EVALUACION_PROCESO;fn_transform_Integer(TipoEvaluacionId)
DesempenioIcdId;22;;;;;int;T_RN_MAE_RUBRO_EVALUACION_PROCESO;fn_transform_Integer(DesempenioIcdId)
TipoRubroId;23;;;;;int;T_RN_MAE_RUBRO_EVALUACION_PROCESO;fn_transform_Integer(TipoRubroId)
SesionAprendizajeId;24;;;;;int;T_RN_MAE_RUBRO_EVALUACION_PROCESO;fn_transform_Integer(SesionAprendizajeId)
CompetenciaId;25;;;;;int;T_RN_MAE_RUBRO_EVALUACION_PROCESO;fn_transform_Integer(CompetenciaId)
CalendarioPeriodoId;26;;;;;int;T_RN_MAE_RUBRO_EVALUACION_PROCESO;fn_transform_Integer(CalendarioPeriodoId)
FormaEvaluacionId;27;;;;;int;T_RN_MAE_RUBRO_EVALUACION_PROCESO;fn_transform_Integer(FormaEvaluacionId)
UnidadAprendizajeId;28;;;;;int;T_RN_MAE_RUBRO_EVALUACION_PROCESO;fn_transform_Integer(UnidadAprendizajeId)
RubroFormal;29;;;;;boolean;T_RN_MAE_RUBRO_EVALUACION_PROCESO;fn_transform_Boolean(RubroFormal)
Promedio;30;;;;;double;T_RN_MAE_RUBRO_EVALUACION_PROCESO;fn_transform_Number(Promedio)
DesviacionEstandar;31;;;;;double;T_RN_MAE_RUBRO_EVALUACION_PROCESO;fn_transform_Number(DesviacionEstandar)
Msje;32;;;;;boolean;T_RN_MAE_RUBRO_EVALUACION_PROCESO;fn_transform_Boolean(Msje)
TipoCalendarioPeriodoId;33;;;;;int;T_RN_MAE_RUBRO_EVALUACION_PROCESO;fn_transform_Integer(TipoCalendarioPeriodoId)
SilaboBaseId;34;;;;;int;T_RN_MAE_RUBRO_EVALUACION_PROCESO;fn_transform_Integer(SilaboBaseId)
RubroEvalProcesoBaseId;35;;;;;string;T_RN_MAE_RUBRO_EVALUACION_PROCESO;fn_transform_ClearString(RubroEvalProcesoBaseId)
EstrategiaEvaluacionId;36;;;;;int;T_RN_MAE_RUBRO_EVALUACION_PROCESO;fn_transform_Integer(EstrategiaEvaluacionId)
TareaId;37;;;;;string;T_RN_MAE_RUBRO_EVALUACION_PROCESO;fn_transform_ClearString(TareaId)
InstrumentoEvalId;38;;;;;int;T_RN_MAE_RUBRO_EVALUACION_PROCESO;fn_transform_Integer(InstrumentoEvalId)
RutaAprendizajeId;39;;;;;int;T_RN_MAE_RUBRO_EVALUACION_PROCESO;fn_transform_Integer(RutaAprendizajeId)
Peso;40;;;;;int;T_RN_MAE_RUBRO_EVALUACION_PROCESO;fn_transform_Integer(Peso)
PreguntaId;41;;;;;string;T_RN_MAE_RUBRO_EVALUACION_PROCESO;fn_transform_ClearString(PreguntaId)
ProcesadoTablero;42;;;;;boolean;T_RN_MAE_RUBRO_EVALUACION_PROCESO;fn_transform_Boolean(ProcesadoTablero)
Orden;43;;;;;int;T_RN_MAE_RUBRO_EVALUACION_PROCESO;fn_transform_Integer(Orden)
EvaluacionProcesoId;1;;T;;;string;T_RN_MOV_EVALUACION_PROCESO;fn_transform_ClearString(EvaluacionProcesoId)
EvaluacionResultadoId;2;;;;;int;T_RN_MOV_EVALUACION_PROCESO;fn_transform_Integer(EvaluacionResultadoId)
Nota;3;;;;;double;T_RN_MOV_EVALUACION_PROCESO;fn_transform_Number(Nota)
Escala;4;;;;;string;T_RN_MOV_EVALUACION_PROCESO;fn_transform_ClearString(Escala)
RubroEvalProcesoId;5;;;;;string;T_RN_MOV_EVALUACION_PROCESO;fn_transform_ClearString(RubroEvalProcesoId)
UsuarioCreadorId;6;;;;;int;T_RN_MOV_EVALUACION_PROCESO;fn_transform_Integer(UsuarioCreadorId)
FechaCreacion;7;;;;;timestamp;T_RN_MOV_EVALUACION_PROCESO;fn_transform_DatetimeMagic(FechaCreacion,NULL,yyyy-MM-dd HH:mm:ss,1900-01-01 00:00:01)
UsuarioAccionId;8;;;;;int;T_RN_MOV_EVALUACION_PROCESO;fn_transform_Integer(UsuarioAccionId)
FechaAccion;9;;;T;;timestamp;T_RN_MOV_EVALUACION_PROCESO;fn_transform_DatetimeMagic(FechaAccion,NULL,yyyy-MM-dd HH:mm:ss,1900-01-01 00:00:01)
AlumnoId;10;;;;;int;T_RN_MOV_EVALUACION_PROCESO;fn_transform_Integer(AlumnoId)
ValorTipoNotaId;11;;;;;string;T_RN_MOV_EVALUACION_PROCESO;fn_transform_ClearString(ValorTipoNotaId)
EquipoId;12;;;;;string;T_RN_MOV_EVALUACION_PROCESO;fn_transform_ClearString(EquipoId)
CalendarioPeriodoId;13;;;;;int;T_RN_MOV_EVALUACION_PROCESO;fn_transform_Integer(CalendarioPeriodoId)
Msje;14;;;;;boolean;T_RN_MOV_EVALUACION_PROCESO;fn_transform_Boolean(Msje)
Publicado;15;;;;;boolean;T_RN_MOV_EVALUACION_PROCESO;fn_transform_Boolean(Publicado)
Visto;16;;;;;boolean;T_RN_MOV_EVALUACION_PROCESO;fn_transform_Boolean(Visto)
Id;1;;T;;;int;TIPOS;fn_transform_Integer(Id)
Objeto;2;;;;;string;TIPOS;fn_transform_ClearString(Objeto)
Concepto;3;;;;;string;TIPOS;fn_transform_ClearString(Concepto)
Nombre;4;;;;;string;TIPOS;fn_transform_ClearString(Nombre)
GeoReferenciaId;5;;;;;int;TIPOS;fn_transform_Integer(GeoReferenciaId)
OrganigramaId;6;;;;;int;TIPOS;fn_transform_Integer(OrganigramaId)
EstadoId;7;;;;;int;TIPOS;fn_transform_Integer(EstadoId)
FechaCreacion;8;;;;;timestamp;TIPOS;fn_transform_DatetimeMagic(FechaCreacion,NULL,yyyy-MM-dd HH:mm:ss,1900-01-01 00:00:01)
FechaActualizacion;9;;;T;;timestamp;TIPOS;fn_transform_DatetimeMagic(FechaActualizacion,NULL,yyyy-MM-dd HH:mm:ss,1900-01-01 00:00:01)
UsuarioAccionId;10;;;;;int;TIPOS;fn_transform_Integer(UsuarioAccionId)
Estatico;11;;;;;boolean;TIPOS;fn_transform_Boolean(Estatico)
UsuarioCreadorId;12;;;;;int;TIPOS;fn_transform_Integer(UsuarioCreadorId)
Icon;13;;;;;string;TIPOS;fn_transform_ClearString(Icon)
Codigo;14;;;;;string;TIPOS;fn_transform_ClearString(Codigo)
IdExterno;15;;;;;int;TIPOS;fn_transform_Integer(IdExterno)
IdEntidad;16;;;;;int;TIPOS;fn_transform_Integer(IdEntidad)
ParentId;17;;;;;int;TIPOS;fn_transform_Integer(ParentId)
NotaMaxima;18;;;;;boolean;TIPOS;fn_transform_Boolean(NotaMaxima)
Color;19;;;;;string;TIPOS;fn_transform_ClearString(Color)
Alcance;20;;;;;boolean;TIPOS;fn_transform_Boolean(Alcance)
