COLUMNS;DELAY_INCREMENTAL_INI;FILTER_COLUMN;FILTER_DATA_TYPE;FILTER_EXP;ID_COLUMN;JOIN_EXPR;PROCESS_ID;SOURCE_SCHEMA;SOURCE_TABLE;SOURCE_TABLE_TYPE;STAGE_TABLE_NAME;STATUS
dbo.func_cas_todatetime(fecultmod,horultimod) lastmodifydate, compania, califica3,replace(replace(descrip, char(13),''), char(10),'') descrip, estado, feccrea, horcrea, usucrea, fecultmod, horultimod, ultusumod, califica3_corp;;;;compania in (select compania from dbo.mcompa1f b where b.flgbi = 'a');rtrim(ltrim(compania)) + '|' + rtrim(ltrim(califica3));;10;dbo;bartic3f;m;m_formato;
dbo.func_cas_todatetime(ultfecmod,ulthormod) lastmodifydate, compania,rtrim(ltrim(sucursal)) sucursal, ejercicio, periodoctb,cast(cast(articulo as bigint) as varchar(100)) articulo, linea, saliniuni, salinival, inguni, ingval, saluni, salval, salfinuni, salfinval, cmp, cstd, feccrea, horcrea, usucrea, ultfecmod, ulthormod, ultusumod, cpmbot, costomescj, totvtsbot, totvtscjs, trasmpund, trasmpval, trasptund, trasptval, ajunidad, ajvalor;-200;convert(int,convert(varchar(4),ejercicio) + right('00' + convert(varchar(2),periodoctb),2)) between {0} and {1};aje_period;compania in (select compania from dbo.mcompa1f b where b.flgbi = 'a');ltrim(rtrim(compania)) + '|' + ltrim(rtrim(sucursal)) + '|' + cast(ejercicio as varchar(100))  + '|' + cast(periodoctb as varchar(100)) + '|' + cast(cast(articulo as bigint) as varchar(100));;20,10,70;dbo;cieartcpm;t;t_cierre_inventario_cpm;
dbo.func_cas_todatetime(fecultmod,horultimod) lastmodifydate,rtrim(ltrim(pais)) pais,replace(replace(descrip, char(13),''), char(10),'') descrip, continente, codletr, estado, feccrea, horcrea, usucrea, fecultmod, horultimod, ultusumod,cast(cast(zonareg as int) as varchar(20)) zonareg;;;;pais in (select pais from dbo.mcompa1f where flgbi = 'a');rtrim(ltrim(codletr));;10;dbo;bubige1f;m;m_pais;
dbo.func_cas_todatetime(t2.fecultimod,t2.horultimod) lastmodifydate,t2.compania compania,rtrim(ltrim(t2.sucursal)) sucursal,rtrim(ltrim(t2.emisor)) emisor,rtrim(ltrim(t2.docupedido)) docupedido,cast(cast(t2.nropedido as bigint) as varchar(100)) nropedido,cast(cast(t2.articulo as bigint) as varchar(100)) articulo,cast(cast(t2.cliente as bigint) as varchar(100)) cliente,t.fecpedido fecpedido,t2.procpedido procpedido,t2.fechaentrega fechaentrega,t2.qcajpedid qcajpedid,t2.qbotpedid qbotpedid,t2.qcajcron qcajcron,t2.qbotcron qbotcron,t2.estado estado,t2.feccreacio feccreacio,t2.horcreacio horcreacio,t2.usuacreac usuacreac,t2.fecultimod fecultimod,t2.horultimod horultimod,t2.usuaulmod usuaulmod;-200;t.fecpedido between {0} and {1};aje_date;t2.compania in (select compania from dbo.mcompa1f b where b.flgbi = 'a');ltrim(rtrim(t2.compania)) + '|' + ltrim(rtrim(t2.sucursal)) + '|' + ltrim(rtrim(t2.emisor)) + '|' + ltrim(rtrim(t2.docupedido)) + '|' + cast(cast(t2.nropedido as bigint) as varchar(100)) + '|' + cast(t2.fechaentrega as varchar(100)) + '|' + cast(cast(t2.cliente as bigint) as varchar(100)) + '|' + cast(cast(t2.articulo as bigint) as varchar(100)) + '|' + ltrim(rtrim(t2.procpedido));inner join dbo.tpedid1f(nolock) t on t.compania = t2.compania and t.sucursal = t2.sucursal and t.emisor = t2.emisor and t.docupedido = t2.docupedido and t.nropedido = t2.nropedido;10;dbo;tpedid12f t2;t;t_documento_pedido_ades_programacion;
dbo.func_cas_todatetime(t2.fechemi,t2.horemi) lastmodifydate,t2.compania compania,rtrim(ltrim(t2.sucursal)) sucursal,rtrim(ltrim(t2.emisor)) emisor,rtrim(ltrim(t2.docucomalm)) docucomalm,t2.nrocomalm nrocomalm,t2.sucdest sucdest,t2.emidest emidest,t2.proccomalm proccomalm,t.feccomalms feccomalms,t2.fechemi fechemi,t2.horemi horemi,t2.usuemi usuemi,t2.fechrec fechrec,t2.horrec horrec,t2.usurec usurec,t2.fechliq fechliq,t2.horliq horliq,t2.usuliq usuliq,t2.estado estado,t2.fechanu fechanu,t2.horanu horanu,t2.usuanu usuanu,t2.ciadest ciadest,t2.flgconfirmado flgconfirmado,t2.feclleg feclleg,t2.horlleg horlleg,t2.usulleg usulleg;-200;t.feccomalms between {0} and {1};aje_date;t2.compania in (select compania from dbo.mcompa1f b where b.flgbi = 'a');ltrim(rtrim(t2.compania)) + '|' + ltrim(rtrim(t2.sucursal)) + '|' + ltrim(rtrim(t2.emisor)) + '|' + ltrim(rtrim(t2.docucomalm)) + '|' + ltrim(rtrim(t2.nrocomalm));inner join dbo.tcoalm1f(nolock) t on t.compania = t2.compania and t.sucursal = t2.sucursal and t.almacenori = t2.emisor and t.docucomalm = t2.docucomalm and t.nrocomalm = t2.nrocomalm;20,10,70;dbo;tcoalm0f t2;t;t_movimiento_inventario_transito;
dbo.func_cas_todatetime(fecultmod,horultimod) lastmodifydate, compania, transprinc, transaccio, estado, feccrea, horcrea, usucrea, fecultmod, horultimod, ultusumod;;;;compania in (select compania from dbo.mcompa1f b where b.flgbi = 'a');rtrim(ltrim(compania)) + '|' + rtrim(ltrim(transprinc)) + '|' + rtrim(ltrim(transaccio));;10;dbo;mdocum8f;m;m_tipo_transaccion;
dbo.func_cas_todatetime(fecultimod,horultimod) lastmodifydate, compania,tipcapveh,desctvehi1,ststiveh,feccreacio,horcreacio,usuacreac,fecultimod,horultimod,usuaulmod,pesoxcamion,tarimasxcamion,configvehi,imagen,null as limcapfle;;;;compania in (select compania from dbo.mcompa1f b where b.flgbi = 'a');ltrim(rtrim(compania)) + '|' + ltrim(rtrim(tipcapveh));;70;dbo;btiveh2f;m;m_capacidad_vehiculo;
dbo.func_cas_todatetime(fecultimod,horultimod) lastmodifydate, compania,cast(cast(modulo as int) as varchar(20)) modulo,cast(cast(ruta as int) as varchar(20)) ruta, tipmodulo,replace(replace(descmodulo, char(13),''), char(10),'') descmodulo,cast(cast(qclimodu as int) as varchar(20)) qclimodu, stsmodulo, feccreacio, horcreacio, usuacreac, fecultimod, horultimod, usuaulmod,rtrim(ltrim(sucursal)) sucursal, flgpeligro,cast(cast(codfvtas as int) as varchar(20)) codfvtas;;;;compania in (select compania from dbo.mcompa1f b where b.flgbi = 'a');rtrim(ltrim(compania)) + '|' + rtrim(ltrim(sucursal)) + '|' + cast(codfvtas as varchar(20)) + '|' + cast(modulo as varchar(20));;10;dbo;mestdi4f;m;m_modulo;
dbo.func_cas_todatetime(fecultimod,horultimod) lastmodifydate, compania,rtrim(ltrim(sucursal)) sucursal, sucursaori,rtrim(ltrim(almacenori)) almacenori,rtrim(ltrim(docucomalm)) docucomalm, nrocomalm, nromovalm, ciarefer, sucrefer,rtrim(ltrim(docucomal1)) docucomal1, nrocomalm1, ciarefer2, sucrefer2,rtrim(ltrim(docucomal2)) docucomal2, nrocomalm2, sercomalm, nropricoal, sucursades,rtrim(ltrim(almacendes)) almacendes,cast(cast(prvcliemp as int) as varchar(20)) prvcliemp,cast(cast(transport as int) as varchar(20)) transport, vehiculo,cast(cast(chofer as int) as varchar(20)) chofer, oricomalm, feccomalm, feccomalml, feccomalms, proccomalm, tcajcoal, tpescomal, stscomalm, liquidcarg, turnocarga, liquiddesc, turnodesca, doculiquid, nroliquida,rtrim(ltrim(moneda)) moneda, tipcambio, timpcomal, nrocompcon,replace(replace(ccosemisor, char(13),''), char(10),'') ccosemisor,case when flgcontab = 0x46 then 'F' when flgcontab = 0x54 then 'T' end flgcontab,replace(replace(destcontab, char(13),''), char(10),'') destcontab,case when procesan = 0x46 then 'F' when procesan = 0x54 then 'T' end procesan,case when impreso = 0x46 then 'F' when impreso = 0x54 then 'T' end impreso, feccreacio, horcreacio, usuacreac, fecultimod, horultimod, usuaulmod,replace(replace(devcarga, char(13),''), char(10),'') devcarga, doccomdev, nrocomdev,cast(cast(vendedor as int) as varchar(20)) vendedor,cast(cast(zonadist as int) as varchar(20)) zonadist,case when ocimpres = 0x46 then 'F' when ocimpres = 0x54 then 'T' end ocimpres,cast(cast(motivo as int) as varchar(20)) motivo, fech_guia,case when flgobserv = 0x46 then 'F' when flgobserv = 0x54 then 'T' end flgobserv, observacion, anden,case when flgfacturado = 0x46 then 'F' when flgfacturado = 0x54 then 'T' end flgfacturado, tipopedido,case when flgatendido = 0x46 then 'F' when flgatendido = 0x54 then 'T' end flgatendido, fecatendido,case when flgayudante = 0x46 then 'F' when flgayudante = 0x54 then 'T' end flgayudante, nrodua, almrefer, almrefer2, companiades;-200;feccomalms between {0} and {1};aje_date;compania in (select compania from dbo.mcompa1f b where b.flgbi = 'a');rtrim(ltrim(compania)) + '|' + rtrim(ltrim(sucursal)) + '|' + rtrim(ltrim(nromovalm));;10,20;dbo;tcoalm1f;t;t_movimiento_inventario;
dbo.func_cas_todatetime(fecultmod,horultimod) lastmodifydate, compania, califica10, descrip, cantidad, estado, feccrea, horcrea, usucrea, fecultmod, horultimod, ultusumod;;;;compania in (select compania from dbo.mcompa1f b where b.flgbi = 'a');ltrim(rtrim(compania)) + '|' + ltrim(rtrim(califica10));;10,20;dbo;bartic10f;m;m_aroma;
dbo.func_cas_todatetime(fecultimod,horultimod) lastmodifydate, compania,rtrim(ltrim(docuoperac)) docuoperac,rtrim(ltrim(procedim)) procedim,rtrim(ltrim(operacion)) operacion,replace(replace(descoper1, char(13),''), char(10),'') descoper1,replace(replace(descoper2, char(13),''), char(10),'') descoper2, stsoperaci, feccreacio, horcreacio, usuacreac, fecultimod, horultimod, usuaulmod, cfop, flgcalctotal, flgcalcimp, tipoper, flgcontab, nota, flgsumres, codequiv, flgdigprec, flgcaldsct;;;;compania in (select compania from dbo.mcompa1f b where b.flgbi = 'a');rtrim(ltrim(compania)) + '|' + rtrim(ltrim(docuoperac)) + '|' + rtrim(ltrim(procedim)) + '|' + rtrim(ltrim(operacion));;10;dbo;bopera1f;m;m_operacion;
dbo.func_cas_todatetime(fecmodi,horamodi) lastmodifydate, compania, codocas,replace(replace(desocas, char(13),''), char(10),'') desocas, estocas, usuacrea, feccrea, horacrea, usuamodi, fecmodi, horamodi;;;;compania in (select compania from dbo.mcompa1f b where b.flgbi = 'a');rtrim(ltrim(compania)) + '|' + rtrim(ltrim(codocas));;10;dbo;mocasion1f;m;m_ocasion;
dbo.func_cas_todatetime(fecultmod,horultimod) lastmodifydate,rtrim(ltrim(pais)) pais, departamen, provincia, distrito, zonapostal,replace(replace(descrip, char(13),''), char(10),'') descrip, estado, feccrea, horcrea, usucrea, fecultmod, horultimod, ultusumod, region;;;;pais in (select pais from dbo.mcompa1f where flgbi = 'a');rtrim(ltrim(pais)) + '|' + rtrim(ltrim(departamen)) + '|' + rtrim(ltrim(provincia)) + '|' + rtrim(ltrim(distrito));;10;dbo;bubige4f;m;m_ng3;
dbo.func_cas_todatetime(fecultimod,horultimod) lastmodifydate, compania,rtrim(ltrim(sucursal)) sucursal,rtrim(ltrim(emisor)) emisor,rtrim(ltrim(docucomvta)) docucomvta,cast(cast(nrocomvta as bigint) as varchar(20)) nrocomvta, sercomvta, nropricovt,rtrim(ltrim(docupedido)) docupedido,cast(cast(nropedido as bigint) as varchar(20)) nropedido,rtrim(ltrim(docucomalm)) docucomalm, nrocomalm, feccompvta, fecpediori, fecliquida, origcomvta, nrocomorig,cast(cast(cliente as int) as varchar(20)) cliente, fopagcomv, cliediapla,cast(cast(vendedor as int) as varchar(20)) vendedor, listprecov, proccomvta, tcajcovt, tpescomvt, timpvalv, timpdes, timpbisc, timpisc, timpbigv, timpigv, timpbim3, timpim3, timpbim4, timpim4,rtrim(ltrim(docucomvtr)) docucomvtr, timpcomvt, stscomvta,cast(cast(zonadist as int) as varchar(20)) zonadist, motirecha,cast(cast(ruta as int) as varchar(20)) ruta,cast(cast(modulo as int) as varchar(20)) modulo,cast(cast(supervisor as int) as varchar(20)) supervisor, nrocomref, aprobado, aprobado_por, desaprob_por, orden_autoriz,case when procesan = 0x46 then 'F' when procesan = 0x54 then 'T' end procesan, feccreacio, horcreacio, usuacreac, fecultimod, horultimod, usuaulmod, comprobant, codimpues1, codimpues2, codimpues3, codimpues4,rtrim(ltrim(moneda)) moneda, tcadolar, tcsoladol, compextor, fecanul,cast(cast(ejercicio as int) as varchar(20)) ejercicio, periodo,cast(cast(codfvtas as int) as varchar(20)) codfvtas, npedido, timpbpcp, timpbim5, timpim5, porcperc,case when notfiscli = 0x46 then 'F' when notfiscli = 0x54 then 'T' end notfiscli, timpbim6, timpim6,case when impreso = 0x46 then 'F' when impreso = 0x54 then 'T' end impreso, contrlfis, consignee, nroautfis,case when flgconfirm = 0x46 then 'F' when flgconfirm = 0x54 then 'T' end flgconfirm, fecconfirm, perconfirm,cast(null as varchar(4)) term_negoci, ciarefer, sucrefer, termnegoc, timpbim7, timpim7, motivncc,cast(null as varchar(4)) timpdesnimp,cast(null as varchar(4)) codimpues5,cast(null as varchar(4)) codimpues6,cast(null as varchar(4)) codimpues7,cast(null as varchar(4)) jefevta,cast(null as varchar(4)) idestcom,cast(null as varchar(4)) secdist,cast(null as varchar(4)) flgpagant,cast(null as varchar(4)) impantic,cast(null as varchar(4)) idsforce,cast(null as varchar(4)) medpago,cast(null as varchar(4)) flgprepag,cast(null as varchar(4)) origen,cast(null as varchar(4)) flgrefact,cast(null as varchar(4)) flgfacglob;-200;fecliquida between {0} and {1};aje_processperiod;compania in (select compania from dbo.mcompa1f b where b.flgbi = 'a');rtrim(ltrim(compania)) + '|' + rtrim(ltrim(sucursal)) + '|' + rtrim(ltrim(emisor)) + '|' + rtrim(ltrim(docucomvta)) + '|' + cast(cast(nrocomvta as bigint) as varchar(20));;10;dbo;tcovta1f;t;t_documento_venta;
dbo.func_cas_todatetime(fecultimod,horultimod) lastmodifydate, compania,rtrim(ltrim(docuproced)) docuproced, procedim,replace(replace(descproce1, char(13),''), char(10),'') descproce1,replace(replace(descproce2, char(13),''), char(10),'') descproce2, stsproced, flgvisible, motivo_traslado, feccreacio, horcreacio, usuacreac, fecultimod, horultimod, usuaulmod,case when liqdirecta = 0x46 then 'F' when liqdirecta = 0x54 then 'T' end liqdirecta, alcance, tipproc, cfop, codequiv,case when flgcontab = 0x46 then 'F' when flgcontab = 0x54 then 'T' end flgcontab,case when flglctcli = 0x46 then 'F' when flglctcli = 0x54 then 'T' end flglctcli, codequiv2, tipopersona,case when afectopago = 0x46 then 'F' when afectopago = 0x54 then 'T' end afectopago, tipopago,case when flgrefer = 0x46 then 'F' when flgrefer = 0x54 then 'T' end flgrefer, flglctvnd, ccostflet, flgvtbot;;;;compania in (select compania from dbo.mcompa1f b where b.flgbi = 'a');rtrim(ltrim(compania)) + '|' + rtrim(ltrim(docuproced)) + '|' + rtrim(ltrim(procedim));;10;dbo;bproce1f;m;m_procedimiento;
dbo.func_cas_todatetime(fecultmod,horultimod) lastmodifydate,rtrim(ltrim(pais)) pais, departamen,replace(replace(descrip, char(13),''), char(10),'') descrip, estado, feccrea, horcrea, usucrea, fecultmod, horultimod, ultusumod,replace(replace(descorta, char(13),''), char(10),'') descorta, flgcetico;;;;pais in (select pais from dbo.mcompa1f where flgbi = 'a');rtrim(ltrim(pais)) + '|' + rtrim(ltrim(departamen));;10;dbo;bubige2f;m;m_ng1;
dbo.func_cas_todatetime(t2.fecultimod,t2.horultimod) lastmodifydate,t2.compania compania,rtrim(ltrim(t2.sucursal)) sucursal,rtrim(ltrim(t2.emisor)) emisor,rtrim(ltrim(t2.docupedido)) docupedido,cast(cast(t2.nropedido as bigint) as varchar(100)) nropedido,cast(cast(t2.articulo as bigint) as varchar(100)) articulo,cast(cast(t2.cliente as bigint) as varchar(100)) cliente,t2.procpedido procpedido,t.fecpedido fecpedido,t2.qcajpedid qcajpedid,t2.qbotpedid qbotpedid,t2.qbotadici qbotadici,t2.flgbolfac flgbolfac,t2.qcajasigp qcajasigp,t2.qbotasigp qbotasigp,t2.flgasignac flgasignac,t2.discendist discendist,t2.zonadist zonadist,t2.ruta ruta,t2.modulo modulo,t2.listprec listprec,t2.tdscto tdscto,t2.mondscto mondscto,t2.stspederr stspederr,t2.feccreacio feccreacio,t2.horcreacio horcreacio,t2.usuacreac usuacreac,t2.fecultimod fecultimod,t2.horultimod horultimod,t2.usuaulmod usuaulmod,t2.sercomvta sercomvta,t2.nropricovt nropricovt,t2.fordvisit fordvisit,t2.impprecaj impprecaj,t2.impcob impcob,t2.idregla idregla,rtrim(ltrim(t2.docucomalm)) docucomalm,t2.nrocomalm nrocomalm,t2.escala escala,t2.segmento segmento,t2.canal canal,t2.stspedido stspedido,case when t2.aprobacion = 0x46 then 'F' when t2.aprobacion = 0x54 then 'T' end aprobacion,t2.secdist secdist,t2.impvalv impvalv,t2.impbim1 impbim1,t2.prcim1 prcim1,t2.impim1 impim1,t2.impbim2 impbim2,t2.prcim2 prcim2,t2.impim2 impim2,t2.impbim3 impbim3,t2.prcim3 prcim3,t2.impim3 impim3,t2.impbim4 impbim4,t2.prcim4 prcim4,t2.impim4 impim4,t2.impbim5 impbim5,t2.prcim5 prcim5,t2.impim5 impim5,t2.impbim6 impbim6,t2.prcim6 prcim6,t2.impim6 impim6,t2.impbim7 impbim7,t2.prcim7 prcim7,t2.impim7 impim7,cast(null as varchar(4)) consignee,cast(null as varchar(4)) consigdir,cast(null as varchar(4)) flgsustapl,cast(null as varchar(4)) idestcom, '' idpedsforce,case when t2.aprobacion = 0x46 then '70' when t2.aprobacion = 0x54 then '84' end flgextrta,cast(null as varchar(4)) flgprepag,cast(null as varchar(4)) idpedecomm;-200;fecpedido between {0} and {1};aje_date;t2.compania in (select compania from dbo.mcompa1f b where b.flgbi = 'a');ltrim(rtrim(t2.compania)) + '|' + ltrim(rtrim(t2.sucursal)) + '|' + ltrim(rtrim(t2.emisor)) + '|' + ltrim(rtrim(t2.docupedido)) + '|' + cast(cast(t2.nropedido as bigint) as varchar(100)) + '|' + cast(cast(t2.cliente as bigint) as varchar(100)) + '|' + cast(cast(t2.articulo as bigint) as varchar(100)) + '|' + ltrim(rtrim(t2.procpedido)) + '|' + cast(t2.idregla as varchar(100));inner join dbo.tpedid1f(nolock) t on t.compania = t2.compania and t.sucursal = t2.sucursal and t.emisor = t2.emisor and t.docupedido = t2.docupedido and t.nropedido = t2.nropedido;10;dbo;tpedid2f t2;t;t_documento_pedido_ades_detalle;
dbo.func_cas_todatetime(fecultimod,horultimod) lastmodifydate, compania,rtrim(ltrim(sucursal)) sucursal,rtrim(ltrim(emisor)) emisor,replace(replace(descemisor, char(13),''), char(10),'') descemisor,rtrim(ltrim(ccosemisor)) ccosemisor,case when flgconexi = 0x46 then 'F' when flgconexi = 0x54 then 'T' end flgconexi,cast(cast(tipartpro as int) as varchar(20)) tipartpro, tipstock,case when flgcajcom = 0x46 then 'F' when flgcajcom = 0x54 then 'T' end flgcajcom, fecprevta, fecdistrib, fecliquida, fecalmacen, feccaja, feccajaent,cast(cast(diasplazop as int) as varchar(20)) diasplazop, stsemisor, feccreacio, horcreacio, usuacreac, fecultimod, horultimod, usuaulmod, tipartic, lugar, tpedido,case when flganula = 0x46 then 'F' when flganula = 0x54 then 'T' end flganula,case when ctrlreq = 0x46 then 'F' when ctrlreq = 0x54 then 'T' end ctrlreq, ctaccreq, maxgpls,case when flgomle = 0x46 then 'F' when flgomle = 0x54 then 'T' end flgomle,case when ctrllote = 0x46 then 'F' when ctrllote = 0x54 then 'T' end ctrllote,case when manrepstk = 0x46 then 'F' when manrepstk = 0x54 then 'T' end manrepstk,case when manejacorreo = 0x46 then 'F' when manejacorreo = 0x54 then 'T' end manejacorreo,case when esdeconsignacion = 0x46 then 'F' when esdeconsignacion = 0x54 then 'T' end esdeconsignacion,case when stklinea = 0x46 then 'F' when stklinea = 0x54 then 'T' end stklinea, freccie, distancia, cappalets,replace(replace(direccion, char(13),''), char(10),'') direccion, zonapostal, flgnoinvent;;;;compania in (select compania from dbo.mcompa1f b where b.flgbi = 'a');rtrim(ltrim(compania)) + '|' + rtrim(ltrim(sucursal)) + '|' + rtrim(ltrim(emisor));;10;dbo;memiso1f;m;m_almacen;
dbo.func_cas_todatetime(fecultmod,horultimod) lastmodifydate, compania, califica8,replace(replace(descrip, char(13),''), char(10),'') descrip, estado, feccrea, horcrea, usucrea, fecultmod, horultimod, ultusumod;;;;compania in (select compania from dbo.mcompa1f b where b.flgbi = 'a');rtrim(ltrim(compania)) + '|' + rtrim(ltrim(califica8));;10;dbo;bartic8f;m;m_light;
compania, canal,replace(replace(descripcion, char(13),''), char(10),'') descripcion, centrocost, estado, tipoprecio, canal_corp;;;;compania in (select compania from dbo.mcompa1f b where b.flgbi = 'a');rtrim(ltrim(compania)) + '|' + rtrim(ltrim(canal));;10;dbo;mcandist;m;m_canal_local;
dbo.func_cas_todatetime(fecultimod,horultimod) lastmodifydate, compania,rtrim(ltrim(sucursal)) sucursal,rtrim(ltrim(emisor)) emisor,rtrim(ltrim(docupedido)) docupedido,cast(cast(nropedido as bigint) as varchar(20)) nropedido, origpedido,cast(cast(nropediori as bigint) as varchar(20)) nropediori, fecpedido, tcajped, stspedido,cast(cast(discendist as int) as varchar(20)) discendist,cast(cast(zonadist as int) as varchar(20)) zonadist,cast(cast(vendedor as int) as varchar(20)) vendedor,cast(cast(ruta as int) as varchar(20)) ruta,cast(cast(modulo as int) as varchar(20)) modulo, stspederr,case when procesan = 0x46 then 'F' when procesan = 0x54 then 'T' end procesan, feccreacio, horcreacio, usuacreac, fecultimod, horultimod, usuaulmod,rtrim(ltrim(docucomalm)) docucomalm, nrocomalm, numordcom,cast(cast(codfvtas as int) as varchar(20)) codfvtas, tvta, fordvisit, fecentrega,cast(cast(aprobadop as int) as varchar(20)) aprobadop, fecaprobac, horaprobac, desaprobp,case when flgdesapro = 0x46 then 'F' when flgdesapro = 0x54 then 'T' end flgdesapro, tipoped, fecrecojo, formpago, horentrega, ordcompra,rtrim(ltrim(moneda)) moneda,cast(null as varchar(4)) term_negoci, termnegoc,cast(null as varchar(4)) jefevta,cast(null as varchar(4)) supervisor,cast(null as varchar(4)) idestcom,cast(null as varchar(4)) medpago;-200;fecpedido between {0} and {1};aje_processperiod;compania in (select compania from dbo.mcompa1f b where b.flgbi = 'a');rtrim(ltrim(compania)) + '|' + rtrim(ltrim(sucursal)) + '|' + rtrim(ltrim(emisor)) + '|' + rtrim(ltrim(docupedido)) + '|' + cast(cast(nropedido as bigint) as varchar(20));;10;dbo;thpedi1f;t;t_documento_pedido;
dbo.func_cas_todatetime(fecultmod,horultimod) lastmodifydate, compania,replace(replace(nombre, char(13),''), char(10),'') nombre,cast(cast(persona as int) as varchar(20)) persona, tipovia,replace(replace(direccion, char(13),''), char(10),'') direccion,rtrim(ltrim(pais)) pais, departamen, provincia, zonapostal, telefono1, telefono2, telefono3, telefono4, fax, flgtipocia, ruc, nota, regigv, estado, feccrea, horcrea, usucrea, fecultmod, horultimod, ultusumod, abrevbco,case when aprobreq = 0x46 then 'F' when aprobreq = 0x54 then 'T' end aprobreq,case when aproboco = 0x46 then 'F' when aproboco = 0x54 then 'T' end aproboco, ipenlace,case when flgctrfaoc = 0x46 then 'F' when flgctrfaoc = 0x54 then 'T' end flgctrfaoc,case when flgrestart = 0x46 then 'F' when flgrestart = 0x54 then 'T' end flgrestart,case when flgaprogj = 0x46 then 'F' when flgaprogj = 0x54 then 'T' end flgaprogj,cast(cast(cantemple as int) as varchar(20)) cantemple, sucprin, coidioma, intercom, flgbi;;;;compania in (select compania from dbo.mcompa1f b where b.flgbi = 'a');rtrim(ltrim(compania));;10;dbo;mcompa1f;m;m_compania;
dbo.func_cas_todatetime(fecultmod,horultimod) lastmodifydate, compania, moneda, descrip, simbmone, flgproced, estado, operacion, descrip2, operador, feccrea, fecultmod, horcrea, horultimod, ultusumod, usucrea;;;;compania in (select compania from dbo.mcompa1f b where b.flgbi = 'a');rtrim(ltrim(compania)) + '|' + rtrim(ltrim(moneda));;10,30;dbo;mmoned1f;m;m_moneda;
dbo.func_cas_todatetime(fecultmod,horultimod) lastmodifydate, compania, califica9,replace(replace(descrip, char(13),''), char(10),'') descrip, estado, feccrea, horcrea, usucrea, fecultmod, horultimod, ultusumod;;;;compania in (select compania from dbo.mcompa1f b where b.flgbi = 'a');rtrim(ltrim(compania)) + '|' + rtrim(ltrim(califica9));;10;dbo;bartic9f;m;m_tipo_envase;
dbo.func_cas_todatetime(fecultimod,horultimod) lastmodifydate, compania, vehiculo, tipvehicu, marca, capmaxkgsv, flgcartec, stsvehicul,cast(cast(transport as int) as varchar(20)) transport, usuacreac, feccreacio, horcreacio, usuaulmod, fecultimod, horultimod;;;;compania in (select compania from dbo.mcompa1f b where b.flgbi = 'a');ltrim(rtrim(compania)) + '|' + ltrim(rtrim(vehiculo));;10;dbo;mvehic1f;m;m_vehiculo;
dbo.func_cas_todatetime(fecultimod,horultimod) lastmodifydate, compania,rtrim(ltrim(sucursal)) sucursal,cast(cast(progvisita as int) as varchar(20)) progvisita,cast(cast(zona as int) as varchar(20)) zona,cast(cast(ruta as int) as varchar(20)) ruta,cast(cast(modulo as int) as varchar(20)) modulo,cast(cast(codfvtas as int) as varchar(20)) codfvtas,cast(cast(vendedor as int) as varchar(20)) vendedor, tipvendedo,cast(cast(cliente as int) as varchar(20)) cliente, fecvisita,case when flgvisita = 0x46 then 'F' when flgvisita = 0x54 then 'T' end flgvisita,case when flgpedido = 0x46 then 'F' when flgpedido = 0x54 then 'T' end flgpedido, motivo,case when flgextruta = 0x46 then 'F' when flgextruta = 0x54 then 'T' end flgextruta, horcreacio, usuacreac, fecultimod, horultimod, usuaulmod, feccreacio,cast(null as varchar(4)) supervisor,cast(null as varchar(4)) jefevta;-200;fecvisita between {0} and {1};aje_processperiod;compania in (select compania from dbo.mcompa1f b where b.flgbi = 'a');rtrim(ltrim(compania)) + '|' + dbo.func_cas_todateint(fecvisita) + '|' + cast(codfvtas as varchar(20)) + '|' + cast(cast(cliente as bigint) as varchar(100));;10;dbo;hprovi1f;t;t_visita;
dbo.func_cas_todatetime(fecultmod,horultimod) lastmodifydate, compania,rtrim(ltrim(moneda)) moneda, fecha, compra, venta, promedio,cast(cast(tccierrev as int) as varchar(20)) tccierrev,cast(cast(tccierrec as int) as varchar(20)) tccierrec, estado, feccrea, horcrea, usucrea, fecultmod, horultimod, ultusumod;;;;compania in (select compania from dbo.mcompa1f b where b.flgbi = 'a');rtrim(ltrim(compania)) + '|' + rtrim(ltrim(moneda)) + '|' + dbo.func_cas_todateint(fecha);;10,20;dbo;mtcamb1f;m;m_tipo_cambio;
dbo.func_cas_todatetime(fecultmod,horultimod) lastmodifydate, compania,cast(cast(articulo as bigint) as varchar(20)) articulo, codenlace, linea, familia, subfamilia, flglinea,replace(replace(descrip1, char(13),''), char(10),'') descrip1,replace(replace(descrip2, char(13),''), char(10),'') descrip2,replace(replace(descrip3, char(13),''), char(10),'') descrip3,replace(replace(descrip4, char(13),''), char(10),'') descrip4,replace(replace(descrip5, char(13),''), char(10),'') descrip5, unipeso, qpeso, univolumen, qtotal, unicompra, qminimacom, unidcosto, unimanejo, unidadcont, qcontenido, cajaxpalet, lugentrega, vtoregsani, fecapertur, fecultcomp, monultcomp, preultcomp, linfabric, tipartcome,cast(cast(tipartprod as int) as varchar(20)) tipartprod, articalif1, articalif2, articalif3, articalif4, articalif5, articalif6, articalif7, articalif8, articalif9, articalif10, flgtipenva, artenvase, grupoarti, flgtipcomp, orden1, orden2, stockmin, stockmax, qrepos, tamlote,replace(replace(diastkmin, char(13),''), char(10),'') diastkmin,replace(replace(diavidutil, char(13),''), char(10),'') diavidutil,replace(replace(diareposic, char(13),''), char(10),'') diareposic, procedenc, flgabastec, porcadicio,case when flgmanelot = 0x46 then 'F' when flgmanelot = 0x54 then 'T' end flgmanelot,case when flgnecepro = 0x46 then 'F' when flgnecepro = 0x54 then 'T' end flgnecepro,case when flglotemin = 0x46 then 'F' when flglotemin = 0x54 then 'T' end flglotemin,case when flgprodfis = 0x46 then 'F' when flgprodfis = 0x54 then 'T' end flgprodfis,case when flgsubuni = 0x46 then 'F' when flgsubuni = 0x54 then 'T' end flgsubuni, rendimient,case when flgstsprev = 0x46 then 'F' when flgstsprev = 0x54 then 'T' end flgstsprev, estado, feccrea, horcrea, usucrea, fecultmod, horultimod, ultusumod, codfabr, almdfcuar, almdfdispo, almdfrech, granel, stkcompr, stkdispo,replace(replace(desctecnic, char(13),''), char(10),'') desctecnic, tipartic, almcuaren, maenvas, cajaenv, articalif11, paqxcaj, conceptogasto, cbarras, ubica, arteqnac,case when manstkcomp = 0x46 then 'F' when manstkcomp = 0x54 then 'T' end manstkcomp,case when compsuger = 0x46 then 'F' when compsuger = 0x54 then 'T' end compsuger, genreqcomp, cantcaj, nrocamas, cattributa, precioval, regsanit, tipalmop,case when flgvaloriza = 0x46 then 'F' when flgvaloriza = 0x54 then 'T' end flgvaloriza,case when novaloriza = 0x46 then 'F' when novaloriza = 0x54 then 'T' end novaloriza, origmerser, tribicms, qtotalfor,cast(cast(articulo_corp as bigint) as varchar(20)) articulo_corp,replace(replace(descrip1_corp, char(13),''), char(10),'') descrip1_corp, qpesoneto,case when flgventa = 0x46 then 'F' when flgventa = 0x54 then 'T' end flgventa, flgprestamo, transactionid, artrelac, case when flgexplosion = 0x46 then 'F' when flgexplosion = 0x54 then 'T' end flgexplosion, case when flgskuplan = 0x46 then 'F' when flgskuplan = 0x54 then 'T' end flgskuplan, qalto, qlargo, '' as undneg, null as qvolumen;;;;compania in (select compania from dbo.mcompa1f b where b.flgbi = 'a');rtrim(ltrim(compania)) + '|' + cast(cast(articulo as bigint) as varchar(100));;10;dbo;martic1f;m;m_articulo;
dbo.func_cas_todatetime(fecultmod,horultimod) lastmodifydate, compania, condpago,case when stscomerci = 0x46 then 'F' when stscomerci = 0x54 then 'T' end stscomerci,replace(replace(descriplar, char(13),''), char(10),'') descriplar,replace(replace(descripcor, char(13),''), char(10),'') descripcor, porcadela, tiempo, nivelpeso, tipoprecio, estado, feccrea, horcrea, usucrea, fecultmod, horultimod, ultusumod, codequiv;;;;compania in (select compania from dbo.mcompa1f b where b.flgbi = 'a');rtrim(ltrim(compania)) + '|' + rtrim(ltrim(condpago));;10;dbo;tcpago1f;m;m_forma_pago;
dbo.func_cas_todatetime(fecultimod,horultimod) lastmodifydate, compania,cast(cast(cliente as int) as varchar(20)) cliente,cast(cast(modulo as int) as varchar(20)) modulo,cast(cast(ordvisita as int) as varchar(20)) ordvisita, tipmodulo, feccreacio, horcreacio, usuacreac, fecultimod, horultimod, usuaulmod,rtrim(ltrim(sucursal)) sucursal,case when imppaqte = 0x46 then 'F' when imppaqte = 0x54 then 'T' end imppaqte,cast(coordx as varchar(20)) coordx,cast(coordy as varchar(20)) coordy, flgvtajef,cast(cast(codfvtas as int) as varchar(20)) codfvtas, cast(coddirec as varchar(20)) coddirec;;;;compania in (select compania from dbo.mcompa1f b where b.flgbi = 'a');ltrim(rtrim(compania))+'|'+ltrim(rtrim(sucursal))+'|'+cast(cliente as varchar(20))+'|'+cast(modulo as varchar(20))+'|'+cast(codfvtas as varchar(20))+'|'+cast(coddirec as varchar(20)) ;;10;dbo;mclien4f;m;m_asignacion_modulo;
dbo.func_cas_todatetime(fecultimod,horultimod) lastmodifydate, compania,cast(cast(zonadist as int) as varchar(20)) zonadist,replace(replace(desczona, char(13),''), char(10),'') desczona,cast(cast(supervisor as int) as varchar(20)) supervisor,cast(cast(discendiis as int) as varchar(20)) discendiis,cast(cast(qclizona as int) as varchar(20)) qclizona, stszona, feccreacio, horcreacio, usuacreac, fecultimod, horultimod, usuaulmod,rtrim(ltrim(sucursal)) sucursal, regvent,cast(cast(cvecuotad as int) as varchar(20)) cvecuotad, canal, subregvent,rtrim(ltrim(pais)) pais;;;;compania in (select compania from dbo.mcompa1f b where b.flgbi = 'a');rtrim(ltrim(compania)) + '|' + rtrim(ltrim(sucursal)) + '|' + cast(zonadist as varchar(20));;10;dbo;view_cas_mestdi2f;m;m_zona;
dbo.func_cas_todatetime(t2.fecultimod,t2.horultimod) lastmodifydate,t2.compania compania,rtrim(ltrim(t2.sucursal)) sucursal,rtrim(ltrim(t2.emisor)) emisor,rtrim(ltrim(t2.docucomvta)) docucomvta,cast(cast(t2.nrocomvta as bigint) as varchar(20)) nrocomvta,cast(cast(t2.articulo as bigint) as varchar(20)) articulo,t2.opecomvta opecomvta, t2.undvta, t2.qcajcomvta qcajcomvta,t2.qbotcomvta qbotcomvta,t2.qartuniman qartuniman,t2.listprecov listprecov,t2.tipprecio tipprecio,t2.impprecaj1 impprecaj1,t2.impprebot1 impprebot1,t2.impvalv impvalv,t2.prcdeslico prcdeslico,t2.impdes impdes,t2.impbisc impbisc,t2.prcisc prcisc,t2.impisc impisc,t2.impbigv impbigv,t2.prcigv prcigv,t2.impigv impigv,t2.impbim3 impbim3,t2.prcim3 prcim3,t2.impim3 impim3,t2.impbim4 impbim4,t2.prcim4 prcim4,t2.impim4 impim4,t2.impcob impcob,t2.proccomvta proccomvta,t2.feccreacio feccreacio,t2.horcreacio horcreacio,t2.usuacreac usuacreac,t2.fecultimod fecultimod,t2.horultimod horultimod,t2.usuaulmod usuaulmod,t2.impbim5 impbim5,t2.prcim5 prcim5,t2.impim5 impim5,t2.impbim6 impbim6,t2.prcim6 prcim6,t2.impim6 impim6,t2.impdesnimp impdesnimp,t2.impbim7 impbim7,t2.prcim7 prcim7,t2.impim7 impim7,cast(null as varchar(4)) impvalcaj1,t.fecliquida fecliquida;-200;t.fecliquida between {0} and {1};aje_processperiod;t2.compania in (select compania from dbo.mcompa1f b where b.flgbi = 'a');rtrim(ltrim(t2.compania)) + '|' + rtrim(ltrim(t2.sucursal)) + '|' + rtrim(ltrim(t2.emisor)) + '|' + rtrim(ltrim(t2.docucomvta)) + '|' + cast(cast(t2.nrocomvta as bigint) as varchar(20)) + '|' + cast(t2.articulo as varchar(20)) + '|' + rtrim(ltrim(t2.opecomvta)) + '|' + rtrim(ltrim(t2.undvta));inner join dbo.tcovta1f(nolock) t on t.compania = t2.compania and t.sucursal = t2.sucursal and t.emisor = t2.emisor and t.docucomvta = t2.docucomvta and t.nrocomvta = t2.nrocomvta;10;dbo;tcovta2f t2;t;t_documento_venta_detalle;
dbo.func_cas_todatetime(fecultimod,horultimod) lastmodifydate, compania,rtrim(ltrim(sucursal)) sucursal,rtrim(ltrim(almacen)) almacen, fecha, invent, responsab, stsinv, invetal, conteo, case when conajs = 0x46 then 'F' when conajs = 0x54 then 'T' end conajs, case when con3cnt = 0x46 then 'F' when con3cnt = 0x54 then 'T' end con3cnt, case when condifer = 0x46 then 'F' when condifer = 0x54 then 'T' end condifer, case when constkfin = 0x46 then 'F' when constkfin = 0x54 then 'T' end constkfin, aprobpor, feccrea, horcrea, usucrea, fecultimod, horultimod, usuultimod;-200;fecha between {0} and {1};aje_date;compania in (select compania from dbo.mcompa1f b where b.flgbi = 'a');ltrim(rtrim(compania)) + '|' + ltrim(rtrim(sucursal)) + '|' + ltrim(rtrim(almacen)) + '|' + cast(fecha as varchar(100)) + '|' + ltrim(rtrim(invent));;20,10,70;dbo;tinvar1;t;t_toma_inventario;
dbo.func_cas_todatetime(fecultmod,horultimod) lastmodifydate, compania, califica4,replace(replace(descrip, char(13),''), char(10),'') descrip, estado, feccrea, horcrea, usucrea, fecultmod, horultimod, ultusumod, regsalud, califica4_corp;;;;compania in (select compania from dbo.mcompa1f b where b.flgbi = 'a');rtrim(ltrim(compania)) + '|' + rtrim(ltrim(califica4));;10;dbo;bartic4f;m;m_sabor;
dbo.func_cas_todatetime(fecultmod,horultimod) lastmodifydate, compania, linea, familia, subfamilia,replace(replace(descrip, char(13),''), char(10),'') descrip,replace(replace(descripcor, char(13),''), char(10),'') descripcor, compraloc, compraimpo, variaexist, estado, feccrea, horcrea, usucrea, fecultmod, horultimod, ultusumod, subcategoria;;;;compania in (select compania from dbo.mcompa1f b where b.flgbi = 'a');rtrim(ltrim(compania)) + '|' + rtrim(ltrim(linea)) + '|' + rtrim(ltrim(familia)) + '|' + rtrim(ltrim(subfamilia));;10;dbo;msubfa1f;m;m_subfamilia;
dbo.func_cas_todatetime(fecultimod,horultimod) lastmodifydate, compania,rtrim(ltrim(sucursal)) sucursal,cast(cast(codfvtas as int) as varchar(20)) codfvtas,replace(replace(descrip, char(13),''), char(10),'') descrip, usuacreac, feccreacio, horcreacio, usuaulmod, fecultimod, horultimod, estado;;;;compania in (select compania from dbo.mcompa1f b where b.flgbi = 'a');rtrim(ltrim(compania)) + '|' + rtrim(ltrim(sucursal)) + '|' + cast(codfvtas as varchar(20));;10;dbo;view_cas_tfvta1f;m;m_fuerza_venta;
dbo.func_cas_todatetime(fecultimod,horultimod) lastmodifydate, compania, transport, tiptranspo, sucursal, usuacreac, feccreacio, horcreacio, usuaulmod, fecultimod, horultimod;;;;compania in (select compania from dbo.mcompa1f b where b.flgbi = 'a');ltrim(rtrim(compania)) + '|' + ltrim(rtrim(transport));;10;dbo;mperso8f;m;m_transportista;
dbo.func_cas_todatetime(t2.fecultimod,t2.horultimod) lastmodifydate,t2.compania compania,rtrim(ltrim(t2.sucursal)) sucursal,rtrim(ltrim(t2.emisor)) emisor,rtrim(ltrim(t2.docupedido)) docupedido,cast(cast(t2.nropedido as bigint) as varchar(20)) nropedido,cast(cast(t2.articulo as bigint) as varchar(20)) articulo,cast(cast(t2.cliente as int) as varchar(20)) cliente,t2.procpedido procpedido,t2.qcajpedid qcajpedid,t2.qbotpedid qbotpedid,t2.qbotadici qbotadici,t2.flgbolfac flgbolfac,t2.qcajasigp qcajasigp,t2.qbotasigp qbotasigp,t2.flgasignac flgasignac,cast(cast(t2.discendist as int) as varchar(20)) discendist,cast(cast(t2.zonadist as int) as varchar(20)) zonadist,cast(cast(t2.ruta as int) as varchar(20)) ruta,cast(cast(t2.modulo as int) as varchar(20)) modulo,t2.listprec listprec,t2.tdscto tdscto,t2.mondscto mondscto,t2.stspederr stspederr,t2.feccreacio feccreacio,t2.horcreacio horcreacio,t2.usuacreac usuacreac,t2.fecultimod fecultimod,t2.horultimod horultimod,t2.usuaulmod usuaulmod,t2.sercomvta sercomvta,t2.nropricovt nropricovt,t2.fordvisit fordvisit,t2.impprecaj impprecaj,t2.impcob impcob,t2.idregla idregla,rtrim(ltrim(t2.docucomalm)) docucomalm,t2.nrocomalm nrocomalm,t2.escala escala,t2.segmento segmento,t2.canal canal,t2.stspedido stspedido,case when t2.aprobacion = 0x46 then 'F' when t2.aprobacion = 0x54 then 'T' end aprobacion,t2.secdist secdist,t2.impvalv impvalv,t2.impbim1 impbim1,t2.prcim1 prcim1,t2.impim1 impim1,t2.impbim2 impbim2,t2.prcim2 prcim2,t2.impim2 impim2,t2.impbim3 impbim3,t2.prcim3 prcim3,t2.impim3 impim3,t2.impbim4 impbim4,t2.prcim4 prcim4,t2.impim4 impim4,t2.impbim5 impbim5,t2.prcim5 prcim5,t2.impim5 impim5,t2.impbim6 impbim6,t2.prcim6 prcim6,t2.impim6 impim6,t2.impbim7 impbim7,t2.prcim7 prcim7,t2.impim7 impim7,cast(null as varchar(4)) consignee,cast(null as varchar(4)) consigdir,cast(null as varchar(4)) flgsustapl,cast(null as varchar(4)) idestcom, '' idpedsforce,case when t2.aprobacion = 0x46 then '70' when t2.aprobacion = 0x54 then '84' end flgextrta,cast(null as varchar(4)) flgprepag,cast(null as varchar(4)) idpedecomm,t.fecpedido fecpedido;-200;t.fecpedido between {0} and {1};aje_processperiod;t2.compania in (select compania from dbo.mcompa1f b where b.flgbi = 'a');rtrim(ltrim(t2.compania)) + '|' + rtrim(ltrim(t2.sucursal)) + '|' + rtrim(ltrim(t2.emisor)) + '|' + rtrim(ltrim(t2.docupedido)) + '|' + cast(cast(t2.nropedido as bigint) as varchar(20)) + '|' + cast(cast(t2.cliente as int) as varchar(20)) + '|' + cast(cast(t2.articulo as bigint) as varchar(20)) + '|' + rtrim(ltrim(t2.procpedido)) + '|' + cast(t2.idregla as varchar(20));inner join dbo.thpedi1f(nolock) t on t.compania = t2.compania and t.sucursal = t2.sucursal and t.emisor = t2.emisor and t.docupedido = t2.docupedido and t.nropedido = t2.nropedido;10;dbo;thpedi2f t2;t;t_documento_pedido_detalle;
compania, codigo, replace(replace(descripcion, char(13),''), char(10),'') descripcion, estado;;;;compania in (select compania from dbo.mcompa1f b where b.flgbi = 'a');rtrim(ltrim(compania)) + '|' + rtrim(ltrim(codigo));;10;dbo;mmodaten;m;m_modelo_atencion;
dbo.func_cas_todatetime(fecultimod,horultimod) lastmodifydate, tipoper,replace(replace(descrip, char(13),''), char(10),'') descrip, feccreacio, horcreacio, usuacreac, fecultimod, horultimod, usuaulmod;;;;;rtrim(ltrim(tipoper));;10;dbo;btipopera1f;m;m_tipo_operacion;
dbo.func_cas_todatetime(fecmodi,horamodi) lastmodifydate, compania, giro, girdnom, estado, usuacrea, feccrea, horacrea, usuamodi, fecmodi, horamodi;;;;compania in (select compania from dbo.mcompa1f b where b.flgbi = 'a');rtrim(ltrim(compania)) + '|' + rtrim(ltrim(giro));;10,20;dbo;bgirotf;m;m_giro;
dbo.func_cas_todatetime(fecmodi,horamodi) lastmodifydate, compania, codocas, canal, giro, subgiro, estsgiro, usuacrea, feccrea, horacrea, usuamodi, fecmodi, horamodi;;;;compania in (select compania from dbo.mcompa1f b where b.flgbi = 'a');rtrim(ltrim(compania)) + '|' + rtrim(ltrim(subgiro));;10;dbo;trelcons1f;m;i_relacion_consumo;
dbo.func_cas_todatetime(fecultmod,horultimod) lastmodifydate, compania, califica1,replace(replace(descrip, char(13),''), char(10),'') descrip, estado, feccrea, horcrea, usucrea, fecultmod, horultimod, ultusumod, califica1_corp;;;;compania in (select compania from dbo.mcompa1f b where b.flgbi = 'a');rtrim(ltrim(compania)) + '|' + rtrim(ltrim(califica1));;10;dbo;bartic1f;m;m_marca;
dbo.func_cas_todatetime(t2.fecultmod, t2.horultimod) lastmodifydate, t2.ciaabono, t2.sucursal, t2.transabono, t2.nroserabon, t2.nrodocabon, t2.ciacargo, t2.succargo, t2.areacargo, t2.cajacargo, t2.transcargo, t2.tipomovbco, t2.nrosercarg, t2.nrodocargo, t2.fecha, t2.fecvcmto, t2.fechahora, t2.importe, t2.sdodoc, t2.imppagado, t2.moneda, t2.tcadolar, t2.tcsoladol, t2.fecpagodoc, cast(t2.cliente as varchar(20)) cliente, t2.estado, t2.feccrea, t2.horcrea, t2.usucrea, t2.fecultmod, t2.horultimod, t2.ultusumod, t2.feccontab, t2.nroregistr, cast(t2.codctabco as varchar(20)) codctabco, cast(t2.cobrador as varchar(20)) cobrador, t2.fecconfirma, t2.idcobroext, t2.compania, cast(t2.idlicencia as varchar(20)) idlicencia, cast(t2.idseclicencia as varchar(20)) idseclicencia, cast(t2.idcuota as varchar(20)) idcuota ;-200;;aje_date;t2.ciaabono in (select compania from dbo.mcompa1f b where b.flgbi = 'a');ltrim(rtrim(t2.ciaabono))+'|'+ltrim(rtrim(t2.sucursal))+'|'+ltrim(rtrim(t2.transabono))+'|'+ltrim(rtrim(t2.nroserabon))+'|'+ltrim(rtrim(t2.nrodocabon));inner join dbo.tclicg1f(nolock) t on t.compania = t2.ciaabono and t.sucursal = t2.sucursal and t.transaccio = t2.transabono and t.nroserie = t2.nroserabon and t.nrodoc = t2.nrodocabon;10;dbo;tclicg2f t2;t;t_documento_acobrar_abono;
dbo.func_cas_todatetime(fecultmod,horultimod) lastmodifydate, compania, giroempres, girdnom,case when flgagentead = 0x46 then 'F' when flgagentead = 0x54 then 'T' end flgagentead,case when flgciasegu = 0x46 then 'F' when flgciasegu = 0x54 then 'T' end flgciasegu,case when flgnotaria = 0x46 then 'F' when flgnotaria = 0x54 then 'T' end flgnotaria,case when flgbanco = 0x46 then 'F' when flgbanco = 0x54 then 'T' end flgbanco, estado, feccrea, horcrea, usucrea, fecultmod, horultimod, ultusumod, giroequiv, sgiro_corp;;;;compania in (select compania from dbo.mcompa1f b where b.flgbi = 'a');rtrim(ltrim(compania)) + '|' + rtrim(ltrim(giroempres));;10;dbo;bgiro1f;m;m_giro_local;
dbo.func_cas_todatetime(fecultmod,horultimod) lastmodifydate, compania, califica7,replace(replace(descrip, char(13),''), char(10),'') descrip, estado, feccrea, horcrea, usucrea, fecultmod, horultimod, ultusumod, califica7_corp;;;;compania in (select compania from dbo.mcompa1f b where b.flgbi = 'a');rtrim(ltrim(compania)) + '|' + rtrim(ltrim(califica7));;10;dbo;bartic7f;m;m_gasificado;
dbo.func_cas_todatetime(fecultmod,horultimod) lastmodifydate, compania,replace(replace(diavcmto, char(13),''), char(10),'') diavcmto,replace(replace(diavigencia, char(13),''), char(10),'') diavigencia, condpagoco,replace(replace(dexpsolcre, char(13),''), char(10),'') dexpsolcre, mduccod, prgminsol2, prgmindol2,replace(replace(diarend, char(13),''), char(10),'') diarend, tliqtransp, tncargo, tnabono, ttransint, areasol, cajasol, areadol, cajadol, monsol, mondolar,rtrim(ltrim(almacen)) almacen, sucdestino, astogasto, astoajstpr, ctarei, ttransext, astoapertu, astoprovin, flujoefec, ubicalerta, redonflujo, transfti, monflujodo, areaflujod, fecinicio, fecfinal, astoajstce, prgminsol1, prgmindol1, motcjaing, motcjaegr, motbcoing, motbcoegr, motsolprov, ordgiropro, ttpcompdoc, costogasto, mothabilit, mottransf, motreembol, motdevol, estaduana, reponcieco, emplerecep, astocliloc, astoajstpa, astoajsten, gtoxint, astoajstbc, otrgtoxint, intmorator, bajactivop, motcompact, astoajstac, astoajstcj, compvtadol, astotrans, transrecho, ttbajactiv, ttactivact, mtodifer, astoecdm, astoedcm, costodmemo, astocanctb, astocompra, astoventa, cajeordgir, ttpagopasi, tbdeposito, concfaltan, combustibl, concingcobt, transdoc, transltcli, transltpro, condpagolt, transcheq, transcheqr, califica1, califica2, califica3, califica4, califica5, califica6, califica7, califica8, califica9, califica10, lincartacr, transefecu, concprerob, nronivcta,replace(replace(diginiv1, char(13),''), char(10),'') diginiv1,replace(replace(diginiv2, char(13),''), char(10),'') diginiv2,replace(replace(diginiv3, char(13),''), char(10),'') diginiv3,replace(replace(diginiv4, char(13),''), char(10),'') diginiv4,replace(replace(diginiv5, char(13),''), char(10),'') diginiv5, codctared, codctaaju, motnalce, motnclce, transdie, motingdie, motegrdie, motabotra, traabotra, motcjd, astovta, astocinlct, maxenrsol, maxenrdol,replace(replace(diasenr, char(13),''), char(10),'') diasenr, estado, feccrea, horcrea, usucrea, fecultmod, horultimod, ultusumod, maxgassol, maxgasdol, maxegrsol, maxegrdol, regigvt, regigvmm, regigvfd, regigvfh, ttcobtrans, areacajch, cajach, transcnd, transbp,case when flgacepcxc = 0x46 then 'F' when flgacepcxc = 0x54 then 'T' end flgacepcxc,case when flgacepcxp = 0x46 then 'F' when flgacepcxp = 0x54 then 'T' end flgacepcxp,case when flgentrcxp = 0x46 then 'F' when flgentrcxp = 0x54 then 'T' end flgentrcxp,case when flgentrchq = 0x46 then 'F' when flgentrchq = 0x54 then 'T' end flgentrchq, astoplani, astoingalm, imptonac, ttingbcont, acttransf, actactivac, trabcurso, actasegur, actmejora, traalmact, movalmact, motogjdet, motbdbtra, astdconalm, astcoinalm, astctopro, astctovta, astcvsbra, astcvdeduc, motantprov, motogliqui, astcvtarim, impminperc, finiperc, ffinperc, impminpcppdt, maxogjes, maxogjed, facliqcom, facimp, califica11, gasvehreq,case when flgalmreq = 0x46 then 'F' when flgalmreq = 0x54 then 'T' end flgalmreq, arthosp,case when flgmocacot = 0x46 then 'F' when flgmocacot = 0x54 then 'T' end flgmocacot, nombruc,case when flgimpincl = 0x46 then 'F' when flgimpincl = 0x54 then 'T' end flgimpincl,case when aprdiroco = 0x46 then 'F' when aprdiroco = 0x54 then 'T' end aprdiroco, codiretr, astdistgto, procdimpu,case when multisuc = 0x46 then 'F' when multisuc = 0x54 then 'T' end multisuc, persrebco,case when imp1com = 0x46 then 'F' when imp1com = 0x54 then 'T' end imp1com,case when imp2com = 0x46 then 'F' when imp2com = 0x54 then 'T' end imp2com, ctrlpptto, aremark, succerv,case when centpagos = 0x46 then 'F' when centpagos = 0x54 then 'T' end centpagos, sucmov,case when flgretfue = 0x46 then 'F' when flgretfue = 0x54 then 'T' end flgretfue,case when flgretren = 0x46 then 'F' when flgretren = 0x54 then 'T' end flgretren,case when flgctrlfrc = 0x46 then 'F' when flgctrlfrc = 0x54 then 'T' end flgctrlfrc,replace(replace(digdepos, char(13),''), char(10),'') digdepos, vadetocia, motbigbda, ttbigbda, tdperce, tdreten,case when ctrlimpdep = 0x46 then 'F' when ctrlimpdep = 0x54 then 'T' end ctrlimpdep,case when flgctrchq = 0x46 then 'F' when flgctrchq = 0x54 then 'T' end flgctrchq,case when flgcalcimp = 0x46 then 'F' when flgcalcimp = 0x54 then 'T' end flgcalcimp, codimpiva, codislr, coddebco, codrim,case when flgrenta = 0x46 then 'F' when flgrenta = 0x54 then 'T' end flgrenta,case when flgmunici = 0x46 then 'F' when flgmunici = 0x54 then 'T' end flgmunici, ctagaspresu,replace(replace(digctaconta, char(13),''), char(10),'') digctaconta, ccostvta,case when flggim = 0x46 then 'F' when flggim = 0x54 then 'T' end flggim, ordenkardex;;;;compania in (select compania from dbo.mcompa1f b where b.flgbi = 'a');rtrim(ltrim(compania));;10;dbo;mparam1f;m;m_parametro;
dbo.func_cas_todatetime(fecultimod,horultimod) lastmodifydate, compania,cast(cast(listprec as int) as varchar(20)) listprec,replace(replace(descprecio, char(13),''), char(10),'') descprecio, stslipre,cast(cast(qcliprecio as int) as varchar(20)) qcliprecio, feccreacio, horcreacio, usuacreac, fecultimod, horultimod, usuaulmod,cast(cast(priolp as int) as varchar(20)) priolp, maxcjs, mincjs, canal, gneg, grupolist, codunid, fecfinal,cast(cast(aprobadop as int) as varchar(20)) aprobadop, fecaprobac, horaprobac,case when flglistbase = 0x46 then 'F' when flglistbase = 0x54 then 'T' end flglistbase;;;;compania in (select compania from dbo.mcompa1f b where b.flgbi = 'a');rtrim(ltrim(compania)) + '|' + cast(listprec as varchar(20));;10;dbo;mlpvta1f;m;m_lista_precio;
dbo.func_cas_todatetime(fecultimod,horultimod) lastmodifydate, compania, tiptranspo, descttran1, ststitran, usuacreac, feccreacio, horcreacio, usuaulmod, fecultimod, horultimod;;;;compania in (select compania from dbo.mcompa1f b where b.flgbi = 'a');ltrim(rtrim(compania)) + '|' + ltrim(rtrim(tiptranspo));;10;dbo;btitra1f;m;m_tipo_transportista;
compania, canal,replace(replace(descripcion, char(13),''), char(10),'') descripcion, centrocost, estado;;;;compania in (select compania from dbo.mcompa1f b where b.flgbi = 'a');rtrim(ltrim(compania)) + '|' + rtrim(ltrim(canal));;10,20;dbo;tcandis1f;m;m_canal;
dbo.func_cas_todatetime(fecultmod,horultimod) lastmodifydate, compania, transaccio,replace(replace(descrip, char(13),''), char(10),'') descrip, tipodoc, flgentsal, codsunat, tipotransa,cast(cast(astocontab as int) as varchar(20)) astocontab, idinterno,case when flgimport = 0x46 then 'F' when flgimport = 0x54 then 'T' end flgimport, flgtc, ideimport, abreviado,case when flg16digit = 0x46 then 'F' when flg16digit = 0x54 then 'T' end flg16digit, tipopasivo, regigvtip,case when ctbtrans = 0x46 then 'F' when ctbtrans = 0x54 then 'T' end ctbtrans, estado, feccrea, horcrea, usucrea, fecultmod, horultimod, ultusumod,cast(cast(ndigcom as int) as varchar(20)) ndigcom, genperdet,case when retfuefac = 0x46 then 'F' when retfuefac = 0x54 then 'T' end retfuefac,case when retfuepag = 0x46 then 'F' when retfuepag = 0x54 then 'T' end retfuepag,case when retrenfac = 0x46 then 'F' when retrenfac = 0x54 then 'T' end retrenfac,case when retrenpag = 0x46 then 'F' when retrenpag = 0x54 then 'T' end retrenpag,case when flgocomp = 0x46 then 'F' when flgocomp = 0x54 then 'T' end flgocomp, operacion,case when genrenta = 0x46 then 'F' when genrenta = 0x54 then 'T' end genrenta,case when flgdevolu = 0x46 then 'F' when flgdevolu = 0x54 then 'T' end flgdevolu, flgtiproc, tipalmmens, flgcalneto,case when flgpgv = 0x46 then 'F' when flgpgv = 0x54 then 'T' end flgpgv, tranaju,case when flgpresupuesto = 0x46 then 'F' when flgpresupuesto = 0x54 then 'T' end flgpresupuesto, flgoblfle,case when flgobserie = 0x46 then 'F' when flgobserie = 0x54 then 'T' end flgobserie, flgcalfecha;;;;compania in (select compania from dbo.mcompa1f b where b.flgbi = 'a');rtrim(ltrim(compania)) + '|' + rtrim(ltrim(transaccio));;10;dbo;mdocum1f;m;m_documento_transaccion;
dbo.func_cas_todatetime(fecultmod, horultmod) lastmodifydate, compania, cast(idlicencia as varchar(20)) idlicencia, cast(idseclicencia as varchar(20)) idseclicencia, cast(idcuota as varchar(20)) idcuota, cast(anyocuota as varchar(20)) anyocuota, cast(mescuota as varchar(20)) mescuota, totalcuota, estadocuota, codexterno, sucursal, emisor, docucomvta, cast(cast(nrocomvta as bigint) as varchar(20)) nrocomvta, cast(articulo as varchar(20)) articulo, opecomvta, undvta, feccrea, horcrea, usucrea, fecultmod, horultmod, ultusumod, fecpercuota;-200;fecpercuota between {0} and {1};aje_processperiod;compania in (select compania from dbo.mcompa1f b where b.flgbi = 'a');ltrim(rtrim(compania))+'|'+cast(idlicencia as varchar(20))+'|'+cast(idseclicencia as varchar(20))+'|'+cast(idcuota as varchar(20));;10;dbo;tcuotalic1f;t;t_licencia_cuota;
dbo.func_cas_todatetime(fecultmod,horultmod) lastmodifydate, compania, cast(idtipoestab as varchar(20)) idtipoestab, dsctipoestab, cast(idtipoestorg as varchar(20)) idtipoestorg, codexterno, usucrea, feccrea, horcrea, ultusumod, fecultmod, horultmod;;;;compania in (select compania from dbo.mcompa1f b where b.flgbi = 'a');ltrim(rtrim(compania))+'|'+cast(idtipoestab as varchar(20));;10;dbo;mtipoestab1f;m;m_tipo_establecimiento;
dbo.func_cas_todatetime(fecmodifi,hormodifi) lastmodifydate, compania, docuorig, tipdocori, procorige, docudest, procdest, operdest, estado, feccreacio, horcreacio, usucreacio, fecmodifi, hormodifi, usumodifi;;;;compania in (select compania from dbo.mcompa1f b where b.flgbi = 'a');ltrim(rtrim(compania)) + '|' + ltrim(rtrim(docuorig)) + '|' + ltrim(rtrim(tipdocori)) + '|' + ltrim(rtrim(procorige)) + '|' + ltrim(rtrim(docudest)) + '|' + ltrim(rtrim(procdest)) + '|' + ltrim(rtrim(operdest));;10;dbo;brelpro1f;m;i_relacion_proced_venta;
dbo.func_cas_todatetime(t2.fecultimod,t2.horultimod) lastmodifydate,t2.compania compania,rtrim(ltrim(t2.sucursal)) sucursal,t2.sucursaori sucursaori,rtrim(ltrim(t2.almacenori)) almacenori,rtrim(ltrim(t2.docucomalm)) docucomalm,t2.nrocomalm nrocomalm,t2.nromovalm nromovalm,cast(cast(t2.nrolicoal2 as int) as varchar(20)) nrolicoal2,t2.ciarefer ciarefer,t2.sucrefer sucrefer,rtrim(ltrim(t2.docucomal1)) docucomal1,t2.nrocomalm1 nrocomalm1,t2.sucursades sucursades,rtrim(ltrim(t2.almacendes)) almacendes,cast(cast(t2.prvcliemp as int) as varchar(20)) prvcliemp,t2.feccomalms feccomalms,t2.proccomalm proccomalm,rtrim(ltrim(t2.moneda)) moneda,t2.tipcambio tipcambio,replace(replace(t2.ccosemisor, char(13),''), char(10),'') ccosemisor,case when t2.flgcontab = 0x46 then 'F' when t2.flgcontab = 0x54 then 'T' end flgcontab,cast(cast(t2.articulo as bigint) as varchar(100)) articulo,t2.opecomalm opecomalm,t2.artuniman artuniman,t2.qcajcomalm qcajcomalm,t2.qbotcomalm qbotcomalm,t2.artuniman1 artuniman1,t2.qartunman qartunman,t2.impcoststd impcoststd,t2.impcostrea impcostrea,t2.impcostprm impcostprm,cast(cast(t2.secorigen as int) as varchar(20)) secorigen,cast(cast(t2.tipartpro as int) as varchar(20)) tipartpro,case when t2.manlote = 0x46 then 'F' when t2.manlote = 0x54 then 'T' end manlote,t2.nrocoraut nrocoraut,t2.qbultos qbultos,t2.nrotransf nrotransf,t2.opesalalm opesalalm,t2.stscomalmd stscomalmd,t2.feccreacio feccreacio,t2.horcreacio horcreacio,t2.usuacreac usuacreac,t2.fecultimod fecultimod,t2.horultimod horultimod,t2.usuaulmod usuaulmod,t2.totimp totimp,cast(cast(t2.motivo as int) as varchar(20)) motivo,replace(replace(t2.detcceq, char(13),''), char(10),'') detcceq,t2.sfisico sfisico,t2.svalor svalor,t2.fechacron fechacron,t2.artioco artioco,cast(cast(t2.ordkx as int) as varchar(20)) ordkx;-200;t.feccomalms between {0} and {1};aje_date;t2.compania in (select compania from dbo.mcompa1f b where b.flgbi = 'a');rtrim(ltrim(t2.compania)) + '|' + rtrim(ltrim(t2.sucursal)) + '|' + rtrim(ltrim(t2.nromovalm)) + '|' + cast(t2.nrolicoal2 as varchar(20));inner join dbo.tcoalm1f(nolock) t on t.compania = t2.compania and t.sucursal = t2.sucursal and t.nromovalm = t2.nromovalm;10,20;dbo;tcoalm2f t2;t;t_movimiento_inventario_detalle;
dbo.func_cas_todatetime(fecultmod,horultimod) lastmodifydate, compania, califica5,replace(replace(descrip, char(13),''), char(10),'') descrip, estado, feccrea, horcrea, usucrea, fecultmod, horultimod, ultusumod, califica5_corp;;;;compania in (select compania from dbo.mcompa1f b where b.flgbi = 'a');rtrim(ltrim(compania)) + '|' + rtrim(ltrim(califica5));;10,30;dbo;bartic5f;m;m_categoria;
dbo.func_cas_todatetime(fecultimod,horultimod) lastmodifydate, compania, origpedido,replace(replace(descorip1, char(13),''), char(10),'') descorip1,replace(replace(descorip2, char(13),''), char(10),'') descorip2, stsoriped, feccreacio, horcreacio, usuacreac, fecultimod, horultimod, usuaulmod;;;;compania in (select compania from dbo.mcompa1f b where b.flgbi = 'a');rtrim(ltrim(compania)) + '|' + rtrim(ltrim(origpedido));;10;dbo;boripe1f;m;m_origen_pedido;
dbo.func_cas_todatetime(fecultimod,horultimod) lastmodifydate, compania,cast(cast(vendedor as int) as varchar(20)) vendedor, handheld, flgintro, prcdesvend, tipvendedo, stsvendedo, feccreacio, horcreacio, usuacreac, fecultimod, horultimod, usuaulmod, flgcomis,cast(cast(codfvtas as int) as varchar(20)) codfvtas,rtrim(ltrim(sucursal)) sucursal, claveprev;;;;compania in (select compania from dbo.mcompa1f b where b.flgbi = 'a');rtrim(ltrim(compania)) + '|' + cast(vendedor as varchar(20));;10;dbo;mpersocf;m;m_vendedor;
dbo.func_cas_todatetime(fecultmod,horultimod) lastmodifydate,rtrim(ltrim(pais)) pais, region, subregion,replace(replace(descrip, char(13),''), char(10),'') descrip, estado, feccrea, horcrea, usucrea, fecultmod, horultimod, ultusumod,replace(replace(descorta, char(13),''), char(10),'') descorta, ciaperson,cast(cast(persona as int) as varchar(20)) persona, subregprinc, subregion_corp;;;;pais in (select pais from dbo.mcompa1f where flgbi = 'a');rtrim(ltrim(pais)) + '|' + rtrim(ltrim(region)) + '|' + rtrim(ltrim(subregion));;10;dbo;bregion2f;m;m_subregion;
dbo.func_cas_todatetime(fecultmod,horultimod) lastmodifydate, compania,rtrim(ltrim(sucursal)) sucursal,replace(replace(nombre, char(13),''), char(10),'') nombre,replace(replace(direccion, char(13),''), char(10),'') direccion, zonapostal, telefono1, telefono2, fax, responsabl, fecoper, estado, feccrea, horcrea, usucrea, fecultmod, horultimod, ultusumod,case when esplanta = 0x46 then 'F' when esplanta = 0x54 then 'T' end esplanta,case when escomercia = 0x46 then 'F' when escomercia = 0x54 then 'T' end escomercia,case when dscimp = 0x46 then 'F' when dscimp = 0x54 then 'T' end dscimp,case when incobsenv = 0x46 then 'F' when incobsenv = 0x54 then 'T' end incobsenv,case when titbon = 0x46 then 'F' when titbon = 0x54 then 'T' end titbon,case when impteimpto = 0x46 then 'F' when impteimpto = 0x54 then 'T' end impteimpto, numlinguia,case when ptmoenv = 0x46 then 'F' when ptmoenv = 0x54 then 'T' end ptmoenv,case when vtaconsig = 0x46 then 'F' when vtaconsig = 0x54 then 'T' end vtaconsig, sucrep, tiposuc,case when flgcont13 = 0x46 then 'F' when flgcont13 = 0x54 then 'T' end flgcont13, ctrlpresu,case when flgvaligv = 0x46 then 'F' when flgvaligv = 0x54 then 'T' end flgvaligv, undneg,case when flgcodbar = 0x46 then 'F' when flgcodbar = 0x54 then 'T' end flgcodbar, cedis,case when flgfolliq = 0x46 then 'F' when flgfolliq = 0x54 then 'T' end flgfolliq,case when flgmodlp = 0x46 then 'F' when flgmodlp = 0x54 then 'T' end flgmodlp,case when flgcont3 = 0x46 then 'F' when flgcont3 = 0x54 then 'T' end flgcont3,case when flgcont4 = 0x46 then 'F' when flgcont4 = 0x54 then 'T' end flgcont4,case when flgcont5 = 0x46 then 'F' when flgcont5 = 0x54 then 'T' end flgcont5, validadep, ruc, inscestadu, inscmunici, unidfisca, codidenti, localidad,case when facpropco = 0x46 then 'F' when facpropco = 0x54 then 'T' end facpropco,cast(cast(cliente as int) as varchar(20)) cliente,cast(cast(cvecuotad as int) as varchar(20)) cvecuotad,case when flgcont6 = 0x46 then 'F' when flgcont6 = 0x54 then 'T' end flgcont6,case when flgcont7 = 0x46 then 'F' when flgcont7 = 0x54 then 'T' end flgcont7,case when flgcont8 = 0x46 then 'F' when flgcont8 = 0x54 then 'T' end flgcont8,case when flgcont9 = 0x46 then 'F' when flgcont9 = 0x54 then 'T' end flgcont9, equival1, equival2,case when cedi = 0x46 then 'F' when cedi = 0x54 then 'T' end cedi,case when flgccodbar = 0x46 then 'F' when flgccodbar = 0x54 then 'T' end flgccodbar,case when flgdifcamb = 0x46 then 'F' when flgdifcamb = 0x54 then 'T' end flgdifcamb;;;;compania in (select compania from dbo.mcompa1f b where b.flgbi = 'a');rtrim(ltrim(compania)) + '|' + rtrim(ltrim(sucursal));;10;dbo;tcompa2f;m;m_sucursal;
dbo.func_cas_todatetime(fecultmod,horultmod) lastmodifydate, compania, cast(idlicencia as varchar(20)) idlicencia, cast(cliente as varchar(20)) cliente, idestablecimiento, dsclicencia, tipolicencia, cast(cast(articulo as bigint) as varchar(20)) articulo, estadolic, codexterno, cast(persona as varchar(20)) persona, cast(coddirec as varchar(20)) coddirec, feccrea, horcrea, usucrea, fecultmod, horultmod, ultusumod;;;;compania in (select compania from dbo.mcompa1f b where b.flgbi = 'a');ltrim(rtrim(compania))+'|'+cast(idlicencia as varchar(20));;10;dbo;mlicencia0f;m;m_licencia;
dbo.func_cas_todatetime(fecultmod,horultimod) lastmodifydate, compania,cast(cast(persona as int) as varchar(20)) persona,replace(replace(nombcomp, char(13),''), char(10),'') nombcomp, apellidopa, apellidoma,replace(replace(nombres, char(13),''), char(10),'') nombres, centrocost, flgtippers, sexo, stscivil, tipdocident, docidentid,rtrim(ltrim(sucursal)) sucursal, coddirec, fecnacim,case when flgcliente = 0x46 then 'F' when flgcliente = 0x54 then 'T' end flgcliente,case when flgprovee = 0x46 then 'F' when flgprovee = 0x54 then 'T' end flgprovee,case when flgemplead = 0x46 then 'F' when flgemplead = 0x54 then 'T' end flgemplead,case when flgtercero = 0x46 then 'F' when flgtercero = 0x54 then 'T' end flgtercero,case when flgobrero = 0x46 then 'F' when flgobrero = 0x54 then 'T' end flgobrero,case when flgvend = 0x46 then 'F' when flgvend = 0x54 then 'T' end flgvend, codigointe, fecrelacio, telefono, fax, nacionali, internet, procedenc, email, estado, feccrea, horcrea, usucrea, fecultmod, horultimod, ultusumod, inscestadu, inscmunici, unidfisca, ruc2, ruc3, ruc4, ruc5, tipdoc2, tipdoc3, tipdoc4, tipdoc5, ddn, ddi, subundfiscal;;;;compania in (select compania from dbo.mcompa1f b where b.flgbi = 'a');rtrim(ltrim(compania)) + '|' + cast(cast(persona as int) as varchar(20));;10;dbo;mperso1f;m;m_persona;
dbo.func_cas_todatetime(fecmodifica,horamodifica) lastmodifydate, compania, cuentaclave, descrip, stsgrupo, feccreacio, horacreacio, usuacreacio, fecmodifica, horamodifica, usuamodifica, descripc;;;;compania in (select compania from dbo.mcompa1f b where b.flgbi = 'a');ltrim(rtrim(compania)) + '|' + ltrim(rtrim(cuentaclave));;10;dbo;mctaclav1f;m;m_cuenta_clave;
dbo.func_cas_todatetime(t2.fecultimod,t2.horultimod) lastmodifydate,t2.compania compania,rtrim(ltrim(t2.sucursal)) sucursal,rtrim(ltrim(t2.emisor)) emisor,rtrim(ltrim(t2.docupedido)) docupedido,cast(cast(t2.nropedido as bigint) as varchar(100)) nropedido,cast(cast(t2.articulo as bigint) as varchar(100)) articulo,cast(cast(t2.cliente as bigint) as varchar(100)) cliente,t2.procpedido procpedido,t2.compprog compprog,t2.sucuprog sucuprog,t2.emisprog emisprog,t.fecpedido fecpedido,t2.fechapedid fechapedid,t2.fechaprog fechaprog,t2.qcajpedid qcajpedid,t2.qbotpedid qbotpedid,t2.qcajprog qcajprog,t2.qbotprog qbotprog,t2.qcajaten qcajaten,t2.qbotaten qbotaten,t2.flgatend flgatend,t2.feccreacio feccreacio,t2.horcreacio horcreacio,t2.usuacreac usuacreac,t2.fecultimod fecultimod,t2.horultimod horultimod,t2.usuaulmod usuaulmod,t2.qcajsaldo qcajsaldo,t2.qbotsaldo qbotsaldo,case when t2.flgpagado = 0x46 then 'F' when t2.flgpagado = 0x54 then 'T' end flgpagado,t2.zonadist zonadist,t2.ruta ruta,t2.modulo modulo,t2.vendedor vendedor,t2.listprec listprec,t2.tdscto tdscto,t2.formpago formpago,t2.impprecaj impprecaj,t2.tipoped tipoped,rtrim(ltrim(t2.docucomvtaade)) docucomvtaade,t2.nrocomvtaade nrocomvtaade,t2.importe importe,t2.saldo saldo,t2.liquidado liquidado,t2.flgprogentreg flgprogentreg,t2.fechaentrega fechaentrega,case when t2.flgcancelado = 0x46 then 'F' when t2.flgcancelado = 0x54 then 'T' end flgcancelado,t2.qcajcanc qcajcanc,t2.qbotcanc qbotcanc,t2.usuacancela usuacancela,t2.fechacancela fechacancela,t2.leadtime leadtime,cast(null as varchar(4)) articuloant,cast(null as varchar(4)) medpago,cast(null as varchar(4)) flgfacorig;-200;fechapedid between {0} and {1};aje_date;t2.compania in (select compania from dbo.mcompa1f b where b.flgbi = 'a');ltrim(rtrim(t2.compania)) + '|' + ltrim(rtrim(t2.sucursal)) + '|' + ltrim(rtrim(t2.emisor)) + '|' + ltrim(rtrim(t2.docupedido)) + '|' + cast(cast(t2.nropedido as bigint) as varchar(100)) + '|' + cast(cast(t2.articulo as bigint) as varchar(100)) + '|' + cast(cast(t2.cliente as bigint) as varchar(100)) + '|' + ltrim(rtrim(t2.procpedido)) + '|' + ltrim(rtrim(t2.compprog)) + '|' + ltrim(rtrim(t2.sucuprog)) + '|' + ltrim(rtrim(t2.emisprog)) + '|' + cast(t2.fechapedid as varchar(100)) + '|' + cast(t2.fechaprog as varchar(100)) + '|' + cast(t2.fechaentrega as varchar(100));inner join dbo.tpedid1f(nolock) t on t.compania = t2.compania and t.sucursal = t2.sucursal and t.emisor = t2.emisor and t.docupedido = t2.docupedido and t.nropedido = t2.nropedido;10;dbo;tpedid7f t2;t;t_documento_pedido_ades_aprobacion;
dbo.func_cas_todatetime(fecultmod,horultimod) lastmodifydate, compania, cast(persona as varchar(20)) persona, cast(cast(coddirec as bigint) as varchar(20)) coddirec, dirclasif, dirdetclas, dirtipovia, dirdetvia, dirnro, dirmzna, dirlote, dirinterior, zonapostal, refdomicil, telefono, case when cobranza =  0x46 then 'F' when cobranza = 0x54 then 'T' end cobranza, case when flgdomicil = 0x46 then 'F' when flgdomicil = 0x54 then 'T' end flgdomicil, case when flgtrabcur = 0x46 then 'F' when flgtrabcur = 0x54 then 'T' end flgtrabcur , case when flgentrega = 0x46 then 'F' when flgentrega = 0x54 then 'T' end  flgentrega, case when flgotros = 0x46 then 'F' when flgotros = 0x54 then 'T' end flgotros, condicion, unitiempo, cast(tresidencia as varchar(20)) tresidencia, vtocontrat, estadodir, municipio, localidad, estado, feccrea, horcrea, usucrea, fecultmod, horultimod, ultusumod, dirprov1, refdir1, dirprov2, pais, case when dirfiscal = 0x46 then 'F' when dirfiscal = 0x54 then 'T' end dirfiscal, case when flgestablecimiento = 0x46 then 'F' when flgestablecimiento = 0x54 then 'T' end flgestablecimiento, idestablecimiento, nomestablecimiento, cast(idtipoestab as varchar(20)) idtipoestab, cast(coordx as varchar(20)) coordx, cast(coordy as varchar(20)) coordy, codpadre, codexterno, direccion, nomcomestab, case when flgoportunidad = 0x46 then 'F' when flgoportunidad = 0x54 then 'T' end flgoportunidad, dsctipoestab, areaestab, cast(aforoestab as varchar(20)) aforoestab;;;;compania in (select compania from dbo.mcompa1f b where b.flgbi = 'a');ltrim(rtrim(compania))+'|'+cast(persona as varchar(20))+'|'+cast(cast(coddirec as bigint) as varchar(20));;10;dbo;mpersogf;m;m_persona_direccion;
dbo.func_cas_todatetime(fecultmod,horultimod) lastmodifydate,rtrim(ltrim(pais)) pais, region,replace(replace(descrip, char(13),''), char(10),'') descrip, estado, feccrea, horcrea, usucrea, fecultmod, horultimod, ultusumod,replace(replace(descorta, char(13),''), char(10),'') descorta, ciaperson,cast(cast(persona as int) as varchar(20)) persona, regprinc, region_corp;;;;pais in (select pais from dbo.mcompa1f where flgbi = 'a');rtrim(ltrim(pais)) + '|' + rtrim(ltrim(region));;10;dbo;bregion1f;m;m_region;
dbo.func_cas_todatetime(fecultmod,horultimod) lastmodifydate, compania, linea, familia,replace(replace(descrip, char(13),''), char(10),'') descrip,replace(replace(descripcor, char(13),''), char(10),'') descripcor, centrocost, estado, feccrea, horcrea, usucrea, fecultmod, horultimod, ultusumod, parancel,case when flgflete = 0x46 then 'F' when flgflete = 0x54 then 'T' end flgflete, familia_corp, categoria, flgcatfiscal;;;;compania in (select compania from dbo.mcompa1f b where b.flgbi = 'a');rtrim(ltrim(compania)) + '|' + rtrim(ltrim(linea)) + '|' + rtrim(ltrim(familia));;10;dbo;mfamil1f;m;m_familia;
dbo.func_cas_todatetime(fecultmod,horultimod) lastmodifydate,rtrim(ltrim(pais)) pais, departamen, provincia,replace(replace(descrip, char(13),''), char(10),'') descrip, estado, feccrea, horcrea, usucrea, fecultmod, horultimod, ultusumod;;;;pais in (select pais from dbo.mcompa1f where flgbi = 'a');rtrim(ltrim(pais)) + '|' + rtrim(ltrim(departamen)) + '|' + rtrim(ltrim(provincia));;10;dbo;bubige3f;m;m_ng2;
dbo.func_cas_todatetime(fecultimod,horultimod) lastmodifydate, compania,cast(cast(cliente as int) as varchar(20)) cliente,replace(replace(nomcliente, char(13),''), char(10),'') nomcliente,replace(replace(nomclienta, char(13),''), char(10),'') nomclienta, docuidenti, nrodocidec, ruccliente,replace(replace(dirdetclcl, char(13),''), char(10),'') dirdetclcl, zonapost, tlfcliente, faxcliente, gironegoci, apepatpro, apematpro,replace(replace(nompropiet, char(13),''), char(10),'') nompropiet, docuidentp, nrodocidpr, tlfpropiet, tlfcelprop, perscontac, mailcontac, pwebclient, procedcli, articalifi, tipcliente, ocupclient, flggarante, fecpostfac, flgpreenv,cast(cast(vendedor as int) as varchar(20)) vendedor, lincredito, legal, impsallcr, sitcliente, stscliente,cast(cast(listprec as int) as varchar(20)) listprec, flgexisc, flgexigv, flgexim, flgexi4, flgexi5, impfin1, impfin2,rtrim(ltrim(moneda)) moneda, feccreacio, horcreacio, usuacreac, fecultimod, horultimod, usuaulmod,rtrim(ltrim(sucursal)) sucursal, cajas, botellas, grupo, segmcli, clasifica1, clasifica2, codbon, perfil, canal, inscmunic, inscestadu, unidfiscal, linxfact,cast(cast(codprin as int) as varchar(20)) codprin, regvent,case when reqautdoc = 0x46 then 'F' when reqautdoc = 0x54 then 'T' end reqautdoc, codocasvs, canalvs, girovs, subgirovs,replace(replace(nomcomercial, char(13),''), char(10),'') nomcomercial, ddn, ddi, subunidfiscal, flgreqoc, subregvent, clisucursal, fecinact, motinact, null as cuentaclave, case when flgoportunidad = 0x46 then 'F' when flgoportunidad = 0x54 then 'T' end flgoportunidad, codigo_enlace;;;;compania in (select compania from dbo.mcompa1f b where b.flgbi = 'a') and not horultimod like '%/%';rtrim(ltrim(compania)) + '|' + cast(cast(cliente as int) as varchar(20));;10;dbo;mclien1f;m;m_cliente;
dbo.func_cas_todatetime(fecultimod,horultimod) lastmodifydate, compania,cast(cast(ruta as int) as varchar(20)) ruta,replace(replace(descruta, char(13),''), char(10),'') descruta,cast(cast(vendedor as int) as varchar(20)) vendedor,cast(cast(zonadist as int) as varchar(20)) zonadist,cast(cast(qcliruta as int) as varchar(20)) qcliruta, stsruta, feccreacio, horcreacio, usuacreac, fecultimod, horultimod, usuaulmod,cast(cast(codfvtas as int) as varchar(20)) codfvtas,rtrim(ltrim(sucursal)) sucursal, flgpeligro, modaten;;;;compania in (select compania from dbo.mcompa1f b where b.flgbi = 'a');rtrim(ltrim(compania)) + '|' + rtrim(ltrim(sucursal)) + '|' + cast(codfvtas as varchar(20)) + '|' + cast(ruta as varchar(20));;10;dbo;mestdi3f;m;m_ruta;
dbo.func_cas_todatetime(fecultimod,horultimod) lastmodifydate, compania, cliente, flgcontab, tiprelac, intercom, usuacreac, feccreacio, horcreacio, usuaulmod, fecultimod, horultimod;;;;compania in (select compania from dbo.mcompa1f b where b.flgbi = 'a');ltrim(rtrim(compania)) + '|' + ltrim(rtrim(cliente));;10;dbo;mclien7f;m;m_tipo_cliente;
dbo.func_cas_todatetime(fecultmod,horultimod) lastmodifydate, compania, califica2,replace(replace(descrip, char(13),''), char(10),'') descrip, estado, feccrea, horcrea, usucrea, fecultmod, horultimod, ultusumod, califica2_corp;;;;compania in (select compania from dbo.mcompa1f b where b.flgbi = 'a');rtrim(ltrim(compania)) + '|' + rtrim(ltrim(califica2));;10;dbo;bartic2f;m;m_presentacion;
dbo.func_cas_todatetime(fecultmod,horultimod) lastmodifydate, compania, tipodoc,replace(replace(descrip, char(13),''), char(10),'') descrip, tipo, flgtipfact,case when flgctrlcaja = 0x46 then 'F' when flgctrlcaja = 0x54 then 'T' end flgctrlcaja,case when flgcorxcja = 0x46 then 'F' when flgcorxcja = 0x54 then 'T' end flgcorxcja,case when flgimport = 0x46 then 'F' when flgimport = 0x54 then 'T' end flgimport, estado, feccrea, horcrea, usucrea, fecultmod, horultimod, ultusumod,case when flgpresupuesto = 0x46 then 'F' when flgpresupuesto = 0x54 then 'T' end flgpresupuesto;;;;compania in (select compania from dbo.mcompa1f b where b.flgbi = 'a');rtrim(ltrim(compania)) + '|' + rtrim(ltrim(tipodoc));;10;dbo;mdocum4f;m;m_tipo_documento;
dbo.func_cas_todatetime(fecultimod,horultimod) lastmodifydate, compania,rtrim(ltrim(sucursal)) sucursal,rtrim(ltrim(emisor)) emisor,rtrim(ltrim(docupedido)) docupedido,cast(cast(nropedido as bigint) as varchar(100)) nropedido, origpedido, nropediori, fecpedido, tcajped, stspedido, discendist, zonadist, vendedor, ruta, modulo, stspederr,case when procesan = 0x46 then 'F' when procesan = 0x54 then 'T' end procesan, feccreacio, horcreacio, usuacreac, fecultimod, horultimod, usuaulmod,rtrim(ltrim(docucomalm)) docucomalm, nrocomalm, numordcom, codfvtas, tvta, fordvisit, fecentrega, aprobadop, fecaprobac, horaprobac, desaprobp,case when flgdesapro = 0x46 then 'F' when flgdesapro = 0x54 then 'T' end flgdesapro, tipoped, fecrecojo, formpago, horentrega, ordcompra,rtrim(ltrim(moneda)) moneda, termnegoc,cast(null as varchar(4)) jefevta,cast(null as varchar(4)) supervisor,cast(null as varchar(4)) idestcom,cast(null as varchar(4)) medpago,cast(null as varchar(4)) proveedor,cast(null as varchar(4)) codigogln;-200;fecpedido between {0} and {1};aje_date;compania in (select compania from dbo.mcompa1f b where b.flgbi = 'a');ltrim(rtrim(compania)) + '|' + ltrim(rtrim(sucursal)) + '|' + ltrim(rtrim(emisor)) + '|' + ltrim(rtrim(docupedido)) + '|' + cast(cast(nropedido as bigint) as varchar(100));;10;dbo;tpedid1f;t;t_documento_pedido_ades;
dbo.func_cas_todatetime(fecmodi,horamodi) lastmodifydate, compania, subgiro,replace(replace(descsgiro, char(13),''), char(10),'') descsgiro, estsgiro, usuacrea, feccrea, horacrea, usuamodi, fecmodi, horamodi;;;;compania in (select compania from dbo.mcompa1f b where b.flgbi = 'a');rtrim(ltrim(compania)) + '|' + rtrim(ltrim(subgiro));;10;dbo;bsgiro1f;m;m_subgiro;
dbo.func_cas_todatetime(fecultimod,horultimod) lastmodifydate, compania, transaccio,replace(replace(desctran, char(13),''), char(10),'') desctran, tipdoc, nrodocsol, opstkorig, opstkdest,case when ropstorgs = 0x46 then 'F' when ropstorgs = 0x54 then 'T' end ropstorgs,case when flgacosto = 0x46 then 'F' when flgacosto = 0x54 then 'T' end flgacosto,case when flgaorig = 0x46 then 'F' when flgaorig = 0x54 then 'T' end flgaorig,case when flgadest = 0x46 then 'F' when flgadest = 0x54 then 'T' end flgadest,case when flgacompor = 0x46 then 'F' when flgacompor = 0x54 then 'T' end flgacompor,case when flgacompde = 0x46 then 'F' when flgacompde = 0x54 then 'T' end flgacompde,case when crealote = 0x46 then 'F' when crealote = 0x54 then 'T' end crealote,case when descomprom = 0x46 then 'F' when descomprom = 0x54 then 'T' end descomprom,case when flgtransp = 0x46 then 'F' when flgtransp = 0x54 then 'T' end flgtransp,case when flgsdoneg = 0x46 then 'F' when flgsdoneg = 0x54 then 'T' end flgsdoneg,case when flgtranenv = 0x46 then 'F' when flgtranenv = 0x54 then 'T' end flgtranenv,case when flgtrandev = 0x46 then 'F' when flgtrandev = 0x54 then 'T' end flgtrandev,case when flgingdev = 0x46 then 'F' when flgingdev = 0x54 then 'T' end flgingdev, secubirep, secubirmv, feccrea, horcrea, usucrea, fecultimod, horultimod, usuultimod, transcomp,case when anular = 0x46 then 'F' when anular = 0x54 then 'T' end anular, ubirmvdet, tipperso, entradetalle,case when manltevenc = 0x46 then 'F' when manltevenc = 0x54 then 'T' end manltevenc,case when manejacorreo = 0x46 then 'F' when manejacorreo = 0x54 then 'T' end manejacorreo,case when manejamotivo = 0x46 then 'F' when manejamotivo = 0x54 then 'T' end manejamotivo,case when flgcostesti = 0x46 then 'F' when flgcostesti = 0x54 then 'T' end flgcostesti,case when chktransf = 0x46 then 'F' when chktransf = 0x54 then 'T' end chktransf,cast(cast(ordkx as int) as varchar(20)) ordkx, modulo, gptransvt, estado,case when flgrefer = 0x46 then 'F' when flgrefer = 0x54 then 'T' end flgrefer,case when flgrefer2 = 0x46 then 'F' when flgrefer2 = 0x54 then 'T' end flgrefer2,case when flgdes = 0x46 then 'F' when flgdes = 0x54 then 'T' end flgdes, tipoperacion;;;;compania in (select compania from dbo.mcompa1f b where b.flgbi = 'a');rtrim(ltrim(compania)) + '|' + rtrim(ltrim(transaccio));;10,20,70;dbo;bcnfin1;m;m_documento_almacen;
dbo.func_cas_todatetime(fecultmod,horultimod) lastmodifydate, compania, sucursal, transaccio, nroserie, nrodoc, cast(cast(nrointerno as bigint) as varchar(20)) nrointerno, cast(cliente as varchar(20)) cliente, fecha, fecvcmto, cast(cast(motivo as bigint) as varchar(20)) motivo, moneda, bigravada, vnogravado, valorventa, igv, importe, sdodoc, impcanjear, nrocanje, porcentaje, condpago, ubicacion, banco, cast(codctabco as varchar(20)) codctabco, enviobco, fecenvio, fecprenda, trandocpre, nrodocpren, stsprenda, cast(endosadop as varchar(20)) endosadop, letraendos, vehiculo, tcadolar, tcsoladol, tcajustead, acumajsdol, tcajusteas, acumajssol, ulttcajdol, ulttcajsol, fecultajus, cast(tiptransac as varchar(20)) tiptransac, cast(cast(comprobant as bigint) as varchar(20)) comprobant, feccontab, case when flgaprobad = 0x46 then 'F' when flgaprobad = 0x54 then 'T' end flgaprobad, case when flgimpreso = 0x46 then 'F' when flgimpreso = 0x54 then 'T' end flgimpreso, case when flgrefinan = 0x46 then 'F' when flgrefinan = 0x54 then 'T' end  flgrefinan, case when flgcancela = 0x46 then 'F' when flgcancela = 0x54 then 'T' end flgcancela, feccancela, case when flganulado = 0x46 then 'F' when flganulado = 0x54 then 'T' end flganulado, estado, feccrea, horcrea, usucrea, fecultmod, horultimod, ultusumod, case when flgregret = 0x46 then 'F' when flgregret = 0x54 then 'T' end flgregret, case when flgsujret = 0x46 then 'F' when flgsujret = 0x54 then 'T' end flgsujret, impreten, sdoreten, proccomalm, proccomvta, bipercep, fecfolio, folio, fecliquida, fecrecep;-200;;aje_date;compania in (select compania from dbo.mcompa1f b where b.flgbi = 'a');ltrim(rtrim(compania))+'|'+ltrim(rtrim(sucursal))+'|'+ltrim(rtrim(transaccio))+'|'+ltrim(rtrim(nroserie))+'|'+ltrim(rtrim(nrodoc));;10;dbo;tclicg1f;t;t_documento_acobrar;
dbo.func_cas_todatetime(fecultmod,horultimod) lastmodifydate, compania,sucursal,empleado,nombcompl,sexo,stscivil,tipdocident,docidentid,fecnacim,estado,feccrea,horcrea,usucrea,fecultmod,horultimod,ultusumod;;;;compania in (select compania from dbo.mcompa1f b where b.flgbi = 'a');ltrim(rtrim(compania)) + '|' + ltrim(rtrim(empleado));;30;dbo;mpersoef;m;m_empleado;
dbo.func_cas_todatetime(fecultmod,horultimod) lastmodifydate, compania, linea,replace(replace(descrip, char(13),''), char(10),'') descrip, flglinea, compranac, compraimpo, consnacion, consimport,case when flgctlmejo = 0x46 then 'F' when flgctlmejo = 0x54 then 'T' end flgctlmejo,case when flgbienmat = 0x46 then 'F' when flgbienmat = 0x54 then 'T' end flgbienmat,case when flgoblsfam = 0x46 then 'F' when flgoblsfam = 0x54 then 'T' end flgoblsfam, estado, feccrea, horcrea, usucrea, fecultmod, horultimod, ultusumod,case when flgcostigv = 0x46 then 'F' when flgcostigv = 0x54 then 'T' end flgcostigv,case when flgcreacronograma = 0x46 then 'F' when flgcreacronograma = 0x54 then 'T' end flgcreacronograma,case when encve = 0x46 then 'F' when encve = 0x54 then 'T' end encve, linea_corp, tipmateria, flgcatfiscal, tipocrea, flgaprfor;;;;compania in (select compania from dbo.mcompa1f b where b.flgbi = 'a');rtrim(ltrim(compania)) + '|' + rtrim(ltrim(linea));;10;dbo;mlinea1f;m;m_linea;
dbo.func_cas_todatetime(fecultimod,horultimod) lastmodifydate, compania,cast(cast(discendist as int) as varchar(20)) discendist,replace(replace(desccentdi, char(13),''), char(10),'') desccentdi,cast(cast(jefevta as int) as varchar(20)) jefevta,cast(cast(qclicdis as int) as varchar(20)) qclicdis, stscendist, feccreacio, horcreacio, usuacreac, fecultimod, horultimod, usuaulmod;;;;;rtrim(ltrim(compania)) + '|' + cast(discendist as varchar(20));;10;dbo;mestdi1f;m;m_division;
dbo.func_cas_todatetime(fecultimod,horultimod) lastmodifydate, compania, tipvehicu, desctvehi1, usuacreac, feccreacio, horcreacio, usuaulmod, fecultimod, horultimod;;;;compania in (select compania from dbo.mcompa1f b where b.flgbi = 'a');ltrim(rtrim(compania)) + '|' + ltrim(rtrim(tipvehicu));;10;dbo;btiveh1f;m;m_tipo_vehiculo;
dbo.func_cas_todatetime(t2.fecultimod, t2.horultimod) lastmodifydate,t2.compania compania,rtrim(ltrim(t2.sucursal)) sucursal,t2.fecinv fecinv,rtrim(ltrim(t2.almacen)) almacen,cast(cast(t2.articulo as bigint) as varchar(20)) articulo,t.fecha fecha,t2.ubicacion ubicacion,t2.stksistema stksistema,t2.qstkcomp qstkcomp,t2.qstkdisp qstkdisp,t2.prmconteo prmconteo,t2.sgdconteo sgdconteo,t2.trcconteo trcconteo,t2.diferencia diferencia,t2.flgajustad flgajustad,t2.qajuste qajuste,t2.qstkfin qstkfin,t2.tranajuste tranajuste,t2.movajuste movajuste,t2.secuencia secuencia,t2.estado estado,t2.feccrea feccrea,t2.horcrea horcrea,t2.usucrea usucrea,t2.fecultimod fecultimod,t2.horultimod horultimod,t2.usuultimod usuultimod,t2.turno turno,t2.invent invent;-200;t.fecha between {0} and {1};aje_date;t2.compania in (select compania from dbo.mcompa1f b where b.flgbi = 'a');ltrim(rtrim(t2.compania)) + '|' + ltrim(rtrim(t2.sucursal)) + '|' + ltrim(rtrim(t2.almacen)) + '|' + cast(t2.fecinv as varchar(100)) + '|' + ltrim(rtrim(t2.invent)) + '|' + cast(cast(t2.articulo as bigint) as varchar(100));inner join dbo.tinvar1(nolock) t on t.compania = t2.compania and t.sucursal = t2.sucursal and t.fecha = t2.fecinv and t.almacen = t2.almacen and t.invent = t2.invent;20,10,70;dbo;tinvar2 t2;t;t_toma_inventario_detalle;
dbo.func_cas_todatetime(fecultmod,horultmod) lastmodifydate, compania, cast(idlicencia as varchar(20)) idlicencia, cast(idseclicencia as varchar(20)) idseclicencia, fechainilic, fechafinlic, cast(idtarifa as varchar(20)) idtarifa, preciotarifa, dsctotarifa, totaltarifa, case when flgrequiereshow = 0x46 then 'F' when flgrequiereshow = 0x54 then 'T' end flgrequiereshow, estadoseclic, sucursal, emisor, docupedido, cast(nropedido as varchar(20)) nropedido, feccrea, horcrea, usucrea, fecultmod, horultmod, ultusumod, cast(vendedor as varchar(20)) vendedor, cast(cobrador as varchar(20)) cobrador;;;;compania in (select compania from dbo.mcompa1f b where b.flgbi = 'a');ltrim(rtrim(compania))+'|'+cast(idlicencia as varchar(20))+'|'+cast(idseclicencia as varchar(20));;10;dbo;mlicencia1f;m;m_licencia_detalle;
dbo.func_cas_todatetime(t2.fecultimod,t2.horultimod) lastmodifydate,t2.compania compania,rtrim(ltrim(t2.sucursal)) sucursal,rtrim(ltrim(t2.emisor)) emisor,rtrim(ltrim(t2.docupedido)) docupedido,cast(cast(t2.nropedido as bigint) as varchar(100)) nropedido,cast(cast(t2.articulo as bigint) as varchar(100)) articulo,cast(cast(t2.cliente as bigint) as varchar(100)) cliente,t2.procpedido procpedido,t.fecpedido fecpedido,t2.fechaprog fechaprog,t2.compaten compaten,t2.sucuaten sucuaten,t2.emisaten emisaten,rtrim(ltrim(t2.docucomalm)) docucomalm,t2.nrocomalm nrocomalm,t2.fechadoc fechadoc,t2.qcajpedid qcajpedid,t2.qbotpedid qbotpedid,t2.qcajaten qcajaten,t2.qbotaten qbotaten,t2.qcajsaldo qcajsaldo,t2.qbotsaldo qbotsaldo,t2.feccreacio feccreacio,t2.horcreacio horcreacio,t2.usuacreac usuacreac,t2.fecultimod fecultimod,t2.horultimod horultimod,t2.usuaulmod usuaulmod,t2.estado estado,t2.stspedido stspedido,t2.importe importe,t2.fechaentrega fechaentrega,t2.fechaaten fechaaten,cast(null as varchar(4)) idcita,cast(null as varchar(4)) fechacita,cast(null as varchar(4)) horacita,cast(null as varchar(4)) flgfacorig,cast(null as varchar(4)) proccomalm;-200;fechadoc between {0} and {1};aje_date;t2.compania in (select compania from dbo.mcompa1f b where b.flgbi = 'a');ltrim(rtrim(t2.compania)) + '|' + ltrim(rtrim(t2.sucursal)) + '|' + ltrim(rtrim(t2.emisor)) + '|' + ltrim(rtrim(t2.docupedido)) + '|' + cast(cast(t2.nropedido as bigint) as varchar(100)) + '|' + cast(cast(t2.articulo as bigint) as varchar(100)) + '|' + cast(cast(t2.cliente as bigint) as varchar(100)) + '|' + ltrim(rtrim(t2.procpedido)) + '|' + cast(t2.fechaprog as varchar(100)) + '|' + ltrim(rtrim(t2.compaten)) + '|' + ltrim(rtrim(t2.sucuaten)) + '|' + ltrim(rtrim(t2.emisaten)) + '|' + ltrim(rtrim(t2.docucomalm)) + '|' + ltrim(rtrim(t2.nrocomalm)) + '|' + cast(t2.fechadoc as varchar(100)) + '|' + cast(t2.fechaentrega as varchar(100));inner join dbo.tpedid1f(nolock) t on t.compania = t2.compania and t.sucursal = t2.sucursal and t.emisor = t2.emisor and t.docupedido = t2.docupedido and t.nropedido = t2.nropedido;10;dbo;tpedid8f t2;t;t_documento_pedido_ades_despacho;
